[{"__type__":"cc.SpriteFrame","content":{"name":"bg","texture":"f1VfW9QoFFjIgKyp+PBClW","rect":[1,0,1109,301],"offset":[0.5,0],"originalSize":[1110,301],"capInsets":[0,0,0,0]}},[{"__type__":"cc.Prefab","_name":"notice","data":{"__id__":1}},{"__type__":"cc.Node","_name":"notice","_level":2,"_components":[{"__type__":"cc.Sprite","node":{"__id__":1},"_spriteFrame":{"__uuid__":"44xm9kxf1M/7o/TDcJAIcL"},"_sizeMode":0}],"_prefab":{"__type__":"cc.PrefabInfo","root":{"__id__":1},"asset":{"__id__":0},"fileId":"4axIfNaXhFxr/7zIuQyGyh"},"_contentSize":{"__type__":"cc.Size","width":700,"height":55},"_position":{"__type__":"cc.Vec3","x":-25,"y":230},"_scale":{"__type__":"cc.Vec3","x":1,"y":1,"z":1}}]]