[{"__type__":"cc.SpriteFrame","content":{"name":"btn_return","texture":"bbjK8iFGRK77BT5U7Q283S","rect":[0,0,83,84],"offset":[0,0],"originalSize":[83,84],"capInsets":[0,0,0,0]}},{"__type__":"cc.SpriteFrame","content":{"name":"img_record_focus","texture":"afxbvlSjtOHIwFH8kwxQ1w","rect":[0,0,97,97],"offset":[0,0],"originalSize":[97,97],"capInsets":[0,0,0,0]}},{"__type__":"cc.SpriteFrame","content":{"name":"02","texture":"0cATrltK9G26DIsvq+nrf2","rect":[97,0,93,93],"offset":[0,0],"originalSize":[93,93],"capInsets":[0,0,0,0]}},{"__type__":"cc.SpriteFrame","content":{"name":"01","texture":"c5oPdAKFNJXKP/Ym7F0qCp","rect":[87,147,88,87],"offset":[0,0],"originalSize":[88,87],"capInsets":[0,0,0,0]}},{"__type__":"cc.SpriteFrame","content":{"name":"btn_yellow","texture":"faOThGxCJId6mhMkNDZKVk","rect":[0,0,186,79],"offset":[0,0],"originalSize":[186,79],"capInsets":[0,0,0,0]}},{"__type__":"cc.SpriteFrame","content":{"name":"lanse_guang","texture":"dfGxVg4GBHXrhJ28M/h9b7","rect":[0,0,103,103],"offset":[0,0],"originalSize":[103,103],"capInsets":[0,0,0,0]}},{"__type__":"cc.SpriteFrame","content":{"name":"btn_corner_up1","texture":"51NdhQPQlDsJ5/3oiRrGQb","rect":[0,0,198,215],"offset":[0,0],"originalSize":[198,215],"capInsets":[0,0,0,0]}},{"__type__":"cc.SpriteFrame","content":{"name":"btn_bet_1","texture":"956AMrZJFDZqiHS39q9aQu","rect":[0,0,182,216],"offset":[0,0],"originalSize":[182,216],"capInsets":[0,0,0,0]}},{"__type__":"cc.SpriteFrame","content":{"name":"05","texture":"c5oPdAKFNJXKP/Ym7F0qCp","rect":[66,0,79,61],"offset":[0,0],"originalSize":[79,61],"capInsets":[0,0,0,0]}},{"__type__":"cc.SpriteFrame","content":{"name":"03","texture":"c5oPdAKFNJXKP/Ym7F0qCp","rect":[0,64,66,65],"offset":[0,0],"originalSize":[66,65],"capInsets":[0,0,0,0]}},{"__type__":"cc.SpriteFrame","content":{"name":"bg_bottom","texture":"46VwaMigJL+4h7JxBgwzh8","rect":[0,0,1372,92],"offset":[0,0],"originalSize":[1372,92],"capInsets":[0,0,0,0]}},{"__type__":"cc.SpriteFrame","content":{"name":"10","texture":"0cATrltK9G26DIsvq+nrf2","rect":[69,235,69,69],"offset":[0,0],"originalSize":[69,69],"capInsets":[0,0,0,0]}},{"__type__":"cc.SpriteFrame","content":{"name":"07","texture":"c5oPdAKFNJXKP/Ym7F0qCp","rect":[66,64,65,65],"offset":[0,0],"originalSize":[65,65],"capInsets":[0,0,0,0]}},{"__type__":"cc.SpriteFrame","content":{"name":"09","texture":"0cATrltK9G26DIsvq+nrf2","rect":[0,235,69,69],"offset":[0,0],"originalSize":[69,69],"capInsets":[0,0,0,0]}},{"__type__":"cc.SpriteFrame","content":{"name":"04","texture":"c5oPdAKFNJXKP/Ym7F0qCp","rect":[131,64,84,83],"offset":[0,0],"originalSize":[84,83],"capInsets":[0,0,0,0]}},{"__type__":"cc.SpriteFrame","content":{"name":"btn_corner_down1","texture":"017REH1PhLy7bkHAgWCsxY","rect":[0,0,198,215],"offset":[0,0],"originalSize":[198,215],"capInsets":[0,0,0,0]}},{"__type__":"cc.SpriteFrame","content":{"name":"zjh_zhuang","texture":"40JQcah9BCoJNDwIQLUWBu","rect":[0,0,30,30],"offset":[0,0],"originalSize":[30,30],"capInsets":[0,0,0,0]}},{"__type__":"cc.SpriteFrame","content":{"name":"btn_help","texture":"e5LHopmg1ENqIPZoocFgR/","rect":[0,0,80,82],"offset":[0,0.5],"originalSize":[80,83],"capInsets":[0,0,0,0]}},{"__type__":"cc.SpriteFrame","content":{"name":"02","texture":"c5oPdAKFNJXKP/Ym7F0qCp","rect":[0,147,87,86],"offset":[0,0],"originalSize":[87,86],"capInsets":[0,0,0,0]}},{"__type__":"cc.SpriteFrame","content":{"name":"01","texture":"0cATrltK9G26DIsvq+nrf2","rect":[0,0,97,97],"offset":[0,0],"originalSize":[97,97],"capInsets":[0,0,0,0]}},{"__type__":"cc.SpriteFrame","content":{"name":"btn_corner_down","texture":"c7IxAWpH5GYb4E8zyUOOvk","rect":[0,0,198,215],"offset":[0,0],"originalSize":[198,215],"capInsets":[0,0,0,0]}},{"__type__":"cc.SpriteFrame","content":{"name":"img_timer","texture":"e2rq1ri4hPtZWR1j1jivYM","rect":[0,0,75,88],"offset":[0,0],"originalSize":[75,88],"capInsets":[0,0,0,0]}},{"__type__":"cc.SpriteFrame","content":{"name":"08","texture":"0cATrltK9G26DIsvq+nrf2","rect":[138,166,69,69],"offset":[0,0],"originalSize":[69,69],"capInsets":[0,0,0,0]}},{"__type__":"cc.SpriteFrame","content":{"name":"img_people","texture":"60EyX/WClBiJ/hBnHmP6LM","rect":[0,0,103,110],"offset":[0,0],"originalSize":[103,110],"capInsets":[0,0,0,0]}},{"__type__":"cc.SpriteFrame","content":{"name":"04","texture":"0cATrltK9G26DIsvq+nrf2","rect":[69,97,69,69],"offset":[0,0],"originalSize":[69,69],"capInsets":[0,0,0,0]}},{"__type__":"cc.SpriteFrame","content":{"name":"05","texture":"0cATrltK9G26DIsvq+nrf2","rect":[138,97,69,69],"offset":[0,0],"originalSize":[69,69],"capInsets":[0,0,0,0]}},{"__type__":"cc.SpriteFrame","content":{"name":"slice01_50","texture":"91PGu9txBD3oSHAAh2MP+Z","rect":[0,290,94,96],"offset":[0,0],"originalSize":[94,96],"capInsets":[0,0,0,0]}},{"__type__":"cc.SpriteFrame","content":{"name":"slice01_10","texture":"91PGu9txBD3oSHAAh2MP+Z","rect":[0,193,94,97],"offset":[0,0],"originalSize":[94,97],"capInsets":[0,0,0,0]}},{"__type__":"cc.SpriteFrame","content":{"name":"kaishixiazhu_wz","texture":"aeOZKR8RZK8KFQdEI+eDB1","rect":[0,0,538,128],"offset":[0,0],"originalSize":[538,128],"capInsets":[0,0,0,0]}},{"__type__":"cc.SpriteFrame","content":{"name":"06","texture":"c5oPdAKFNJXKP/Ym7F0qCp","rect":[0,0,66,51],"offset":[0,0],"originalSize":[66,51],"capInsets":[0,0,0,0]}},{"__type__":"cc.SpriteFrame","content":{"name":"slice01_01","texture":"91PGu9txBD3oSHAAh2MP+Z","rect":[0,0,94,97],"offset":[0,0],"originalSize":[94,97],"capInsets":[0,0,0,0]}},{"__type__":"cc.SpriteFrame","content":{"name":"btn_bet_0","texture":"9crjIbUfVBT6LlttwsxJpc","rect":[0,0,180,214],"offset":[0,0],"originalSize":[180,214],"capInsets":[0,0,0,0]}},{"__type__":"cc.SpriteFrame","content":{"name":"avatar_bg","texture":"d6bwZ6Sb1OL7FHu/+XGMM0","rect":[0,0,80,80],"offset":[0,0],"originalSize":[80,80],"capInsets":[0,0,0,0]}},{"__type__":"cc.SpriteFrame","content":{"name":"btn_bxx","texture":"f9RBPCpMpHIo5eBKqS82mX","rect":[0,0,80,82],"offset":[0,0.5],"originalSize":[80,83],"capInsets":[0,0,0,0]}},{"__type__":"cc.SpriteFrame","content":{"name":"bg_total_bet","texture":"e1khpy3H5I8plHGmFajmiP","rect":[0,0,588,32],"offset":[0,0],"originalSize":[588,32],"capInsets":[0,0,0,0]}},{"__type__":"cc.SpriteFrame","content":{"name":"bg","texture":"15DhAf1ZZP6IrEiaO1TJRb","rect":[0,0,1630,750],"offset":[0,0],"originalSize":[1630,750],"capInsets":[0,0,0,0]}},{"__type__":"cc.SpriteFrame","content":{"name":"img_coin","texture":"c1IdDW0w1BiL5h84L+oOaq","rect":[0,0,48,49],"offset":[0,0],"originalSize":[48,49],"capInsets":[0,0,0,0]}},{"__type__":"cc.SpriteFrame","content":{"name":"btn_setting","texture":"db8P1MnYJP6oGlhbYHpRv0","rect":[0,0,80,83],"offset":[0,0],"originalSize":[80,83],"capInsets":[0,0,0,0]}},{"__type__":"cc.SpriteFrame","content":{"name":"slice01_100","texture":"91PGu9txBD3oSHAAh2MP+Z","rect":[0,386,93,97],"offset":[0,0],"originalSize":[93,97],"capInsets":[0,0,0,0]}},{"__type__":"cc.SpriteFrame","content":{"name":"tingzhixiazhu_wz","texture":"3bXhA4XudI1YkwaRB5zWoF","rect":[0,0,536,128],"offset":[0,0],"originalSize":[536,128],"capInsets":[0,0,0,0]}},{"__type__":"cc.SpriteFrame","content":{"name":"btn_corner_up","texture":"f03HamtolOxIHnZP5KV/OA","rect":[0,0,197,213],"offset":[0,0],"originalSize":[197,213],"capInsets":[0,0,0,0]}},{"__type__":"cc.SpriteFrame","content":{"name":"coin_icon","texture":"29hYMpiDFDIJ0rXaS2kCKC","rect":[0,0,27,34],"offset":[0,0],"originalSize":[27,34],"capInsets":[0,0,0,0]}},[{"__type__":"cc.SceneAsset","_name":"GameScene_BMW","scene":{"__id__":1},"asyncLoadAssets":null},{"__type__":"cc.Scene","_name":"New Node","_children":[{"__id__":2}],"_anchorPoint":{"__type__":"cc.Vec2"},"_scale":{"__type__":"cc.Vec3","x":0.31818576388888886,"y":0.31818576388888886,"z":1},"autoReleaseAssets":false},{"__type__":"cc.Node","_name":"Canvas","_parent":{"__id__":1},"_children":[{"__id__":3},{"__id__":4},{"__id__":5}],"_components":[{"__type__":"cc.Canvas","node":{"__id__":2},"_designResolution":{"__type__":"cc.Size","width":1280,"height":720}},{"__type__":"dd90b9S4RZNTZYFeajWlOZu","node":{"__id__":2},"track":{"__id__":78},"totalNum":65,"prefab_chip_1":{"__uuid__":"10co32j19HdohC7WvJHnzu"},"prefab_chip_10":{"__uuid__":"5d0nJeaZtLtIS+EI0RZjdR"},"prefab_chip_50":{"__uuid__":"05OMLWKB1OLpK2SVAvbxhw"},"prefab_chip_100":{"__uuid__":"3akhRCYGVObbXjV6nqt4aZ"},"prefab_chip_300":{"__uuid__":"4azN5KML1G6rurdc3A1ccA"},"head":{"__id__":217},"players":{"__id__":231},"zhuang":{"__id__":25},"timer":{"__id__":34},"tip":{"__id__":232}}],"_contentSize":{"__type__":"cc.Size","width":1280,"height":720},"_position":{"__type__":"cc.Vec3","x":640,"y":360},"_scale":{"__type__":"cc.Vec3","x":1,"y":1,"z":1},"_id":"3cincuk0tPf4V8+w6hclKu"},{"__type__":"cc.Node","_name":"Main Camera","_parent":{"__id__":2},"_level":1,"_components":[{"__type__":"cc.Camera","node":{"__id__":3},"_clearFlags":7,"_depth":-1}],"_scale":{"__type__":"cc.Vec3","x":1,"y":1,"z":1}},{"__type__":"cc.Node","_name":"bg","_parent":{"__id__":2},"_level":1,"_components":[{"__type__":"cc.Sprite","node":{"__id__":4},"_spriteFrame":{"__uuid__":"aaD+UhFthBqKDsZadhdvOa"}}],"_contentSize":{"__type__":"cc.Size","width":1630,"height":750},"_scale":{"__type__":"cc.Vec3","x":1,"y":1,"z":1}},{"__type__":"cc.Node","_name":"content","_parent":{"__id__":2},"_children":[{"__id__":6},{"__id__":7},{"__id__":213},{"__id__":232}],"_level":1,"_contentSize":{"__type__":"cc.Size","width":1280,"height":720},"_scale":{"__type__":"cc.Vec3","x":1,"y":1,"z":1}},{"__type__":"cc.Node","_name":"header","_parent":{"__id__":5},"_level":2,"_components":[{"__type__":"cc.Widget","node":{"__id__":6},"_alignFlags":1}],"_position":{"__type__":"cc.Vec3","y":360},"_scale":{"__type__":"cc.Vec3","x":1,"y":1,"z":1}},{"__type__":"cc.Node","_name":"middle","_parent":{"__id__":5},"_children":[{"__id__":8},{"__id__":16},{"__id__":209}],"_level":2,"_components":[{"__type__":"cc.Widget","node":{"__id__":7},"_alignFlags":4,"_bottom":80}],"_contentSize":{"__type__":"cc.Size","width":1280,"height":640},"_position":{"__type__":"cc.Vec3","y":40},"_scale":{"__type__":"cc.Vec3","x":1,"y":1,"z":1}},{"__type__":"cc.Node","_name":"left","_parent":{"__id__":7},"_children":[{"__id__":9},{"__id__":10}],"_level":3,"_components":[{"__type__":"cc.Widget","node":{"__id__":8},"_alignFlags":12,"_left":45,"_bottom":280}],"_position":{"__type__":"cc.Vec3","x":-595,"y":-40},"_scale":{"__type__":"cc.Vec3","x":0.8,"y":0.8,"z":1}},{"__type__":"cc.Node","_name":"btn_return","_parent":{"__id__":8},"_level":4,"_components":[{"__type__":"cc.Sprite","node":{"__id__":9},"_spriteFrame":{"__uuid__":"007teAHstLqazCm9vpaeE9"}},{"__type__":"cc.Button","node":{"__id__":9},"clickEvents":[{"__type__":"cc.ClickEvent","target":{"__id__":2},"_componentId":"dd90b9S4RZNTZYFeajWlOZu","handler":"onBtnReturnClick"}],"_N$transition":3,"transition":3}],"_contentSize":{"__type__":"cc.Size","width":83,"height":84},"_position":{"__type__":"cc.Vec3","y":380},"_scale":{"__type__":"cc.Vec3","x":1,"y":1,"z":1}},{"__type__":"cc.Node","_name":"records","_parent":{"__id__":8},"_children":[{"__id__":11}],"_level":4,"_components":[{"__type__":"cc.Sprite","node":{"__id__":10},"_spriteFrame":{"__uuid__":"e6qaGUSktJg5pLldLo/bd1"},"_type":1,"_sizeMode":0},{"__type__":"cc.ScrollView","node":{"__id__":10},"horizontal":false,"brake":0.75,"bounceDuration":0.23,"_N$content":{"__id__":12},"content":{"__id__":12},"_N$horizontalScrollBar":null,"_N$verticalScrollBar":null}],"_contentSize":{"__type__":"cc.Size","width":73,"height":630},"_scale":{"__type__":"cc.Vec3","x":1,"y":1,"z":1}},{"__type__":"cc.Node","_name":"view","_parent":{"__id__":10},"_children":[{"__id__":12}],"_components":[{"__type__":"cc.Mask","node":{"__id__":11}}],"_contentSize":{"__type__":"cc.Size","width":73,"height":630},"_scale":{"__type__":"cc.Vec3","x":1,"y":1,"z":1}},{"__type__":"cc.Node","_name":"content","_parent":{"__id__":11},"_children":[{"__id__":13},{"__id__":15}],"_components":[{"__type__":"cc.Layout","node":{"__id__":12},"_N$layoutType":2,"_N$paddingTop":1,"_N$spacingY":15}],"_contentSize":{"__type__":"cc.Size","width":73,"height":700},"_anchorPoint":{"__type__":"cc.Vec2","x":0.5,"y":1},"_position":{"__type__":"cc.Vec3","y":315},"_scale":{"__type__":"cc.Vec3","x":1,"y":1,"z":1}},{"__type__":"cc.Node","_name":"record","_parent":{"__id__":12},"_children":[{"__id__":14}],"_level":1,"_components":[{"__type__":"cc.Sprite","node":{"__id__":13},"_spriteFrame":{"__uuid__":"5ab4c1+EdJxoMSiJRd1aKl"}}],"_contentSize":{"__type__":"cc.Size","width":69,"height":69},"_position":{"__type__":"cc.Vec3","y":-35.5},"_scale":{"__type__":"cc.Vec3","x":1,"y":1,"z":1}},{"__type__":"cc.Node","_name":"img_record_focus","_parent":{"__id__":13},"_level":2,"_components":[{"__type__":"cc.Sprite","node":{"__id__":14},"_spriteFrame":{"__uuid__":"041H8bTWBKBpLFhsNEWwsp"}}],"_contentSize":{"__type__":"cc.Size","width":97,"height":97},"_scale":{"__type__":"cc.Vec3","x":1,"y":1,"z":1}},{"__type__":"cc.Node","_name":"record","_parent":{"__id__":12},"_level":1,"_components":[{"__type__":"cc.Sprite","node":{"__id__":15},"_spriteFrame":{"__uuid__":"2bhUI6L35Hy4F/2VCairHp"}}],"_contentSize":{"__type__":"cc.Size","width":69,"height":69},"_position":{"__type__":"cc.Vec3","y":-119.5},"_scale":{"__type__":"cc.Vec3","x":1,"y":1,"z":1}},{"__type__":"cc.Node","_name":"center","_parent":{"__id__":7},"_children":[{"__id__":17},{"__id__":78},{"__id__":207}],"_level":3,"_scale":{"__type__":"cc.Vec3","x":1,"y":1,"z":1}},{"__type__":"cc.Node","_name":"table","_parent":{"__id__":16},"_children":[{"__id__":18},{"__id__":36},{"__id__":77}],"_level":4,"_scale":{"__type__":"cc.Vec3","x":1,"y":1,"z":1}},{"__type__":"cc.Node","_name":"zhuang","_parent":{"__id__":17},"_children":[{"__id__":19},{"__id__":30},{"__id__":34}],"_level":5,"_contentSize":{"__type__":"cc.Size","width":180,"height":428},"_position":{"__type__":"cc.Vec3","x":-340,"y":10},"_scale":{"__type__":"cc.Vec3","x":1,"y":1,"z":1}},{"__type__":"cc.Node","_name":"userInfo","_parent":{"__id__":18},"_children":[{"__id__":20},{"__id__":27}],"_level":6,"_scale":{"__type__":"cc.Vec3","x":1,"y":1,"z":1}},{"__type__":"cc.Node","_name":"avatar_bg","_parent":{"__id__":19},"_children":[{"__id__":21},{"__id__":22},{"__id__":23},{"__id__":24},{"__id__":25},{"__id__":26}],"_level":7,"_components":[{"__type__":"cc.Sprite","node":{"__id__":20},"_spriteFrame":{"__uuid__":"98ygye2c1GSo+LZi9sIWtr"}},{"__type__":"cc.Animation","node":{"__id__":20},"_defaultClip":{"__uuid__":"10plJNwlxCxYOD3sHDdp1j"},"_clips":[{"__uuid__":"10plJNwlxCxYOD3sHDdp1j"}]}],"_contentSize":{"__type__":"cc.Size","width":80,"height":80},"_position":{"__type__":"cc.Vec3","x":20,"y":90},"_scale":{"__type__":"cc.Vec3","x":1,"y":1,"z":1}},{"__type__":"cc.Node","_name":"num","_parent":{"__id__":20},"_level":8,"_components":[{"__type__":"cc.Label","node":{"__id__":21},"_useOriginalSize":false,"_string":"1/10","_N$string":"1/10","_fontSize":24,"_N$horizontalAlign":1,"_N$verticalAlign":1}],"_contentSize":{"__type__":"cc.Size","width":46.71,"height":40},"_position":{"__type__":"cc.Vec3","y":55},"_scale":{"__type__":"cc.Vec3","x":1,"y":1,"z":1}},{"__type__":"cc.Node","_name":"default_female","_parent":{"__id__":20},"_level":8,"_components":[{"__type__":"cc.Sprite","node":{"__id__":22},"_spriteFrame":{"__uuid__":"dbBQ68VahKb6nljHGN2wnc"}}],"_contentSize":{"__type__":"cc.Size","width":80,"height":80},"_scale":{"__type__":"cc.Vec3","x":1,"y":1,"z":1}},{"__type__":"cc.Node","_name":"zjh_zhuang","_parent":{"__id__":20},"_level":8,"_components":[{"__type__":"cc.Sprite","node":{"__id__":23},"_spriteFrame":{"__uuid__":"40lq1zOBhO2KBMc4rT14xD"}}],"_contentSize":{"__type__":"cc.Size","width":30,"height":30},"_position":{"__type__":"cc.Vec3","x":35,"y":35},"_scale":{"__type__":"cc.Vec3","x":1,"y":1,"z":1}},{"__type__":"cc.Node","_name":"name","_parent":{"__id__":20},"_level":8,"_components":[{"__type__":"cc.Label","node":{"__id__":24},"_useOriginalSize":false,"_string":"阿珍","_N$string":"阿珍","_fontSize":20,"_lineHeight":29.3,"_N$horizontalAlign":1,"_N$verticalAlign":1}],"_contentSize":{"__type__":"cc.Size","width":40,"height":29},"_position":{"__type__":"cc.Vec3","y":-55},"_scale":{"__type__":"cc.Vec3","x":1,"y":1,"z":1}},{"__type__":"cc.Node","_name":"chipsAtZhuang","_parent":{"__id__":20},"_level":8,"_scale":{"__type__":"cc.Vec3","x":1,"y":1,"z":1}},{"__type__":"cc.Node","_name":"winLabel","_parent":{"__id__":20},"_active":false,"_level":8,"_components":[{"__type__":"cc.Label","node":{"__id__":26},"_useOriginalSize":false,"_string":"+100","_N$string":"+100","_N$file":{"__uuid__":"e729xbaRlFnpcUVk8yJkUp"},"_isSystemFontUsed":false,"_N$horizontalAlign":1,"_N$verticalAlign":1}],"_contentSize":{"__type__":"cc.Size","width":104,"height":40},"_position":{"__type__":"cc.Vec3","y":80},"_scale":{"__type__":"cc.Vec3","x":1,"y":1,"z":1}},{"__type__":"cc.Node","_name":"bg_currency","_parent":{"__id__":19},"_children":[{"__id__":28},{"__id__":29}],"_level":7,"_components":[{"__type__":"cc.Sprite","node":{"__id__":27},"_spriteFrame":{"__uuid__":"ee+mqlNdRHbq34bndYt7IE"},"_sizeMode":0}],"_contentSize":{"__type__":"cc.Size","width":150,"height":43},"_position":{"__type__":"cc.Vec3","y":10},"_scale":{"__type__":"cc.Vec3","x":1,"y":0.6,"z":1}},{"__type__":"cc.Node","_name":"img_coin","_parent":{"__id__":27},"_level":7,"_components":[{"__type__":"cc.Sprite","node":{"__id__":28},"_spriteFrame":{"__uuid__":"ab3H89C9ZIIKiKOzvdfkp1"}}],"_contentSize":{"__type__":"cc.Size","width":48,"height":49},"_position":{"__type__":"cc.Vec3","x":-55},"_scale":{"__type__":"cc.Vec3","x":0.8,"y":0.8,"z":1}},{"__type__":"cc.Node","_name":"currency","_parent":{"__id__":27},"_level":7,"_components":[{"__type__":"cc.Label","node":{"__id__":29},"_useOriginalSize":false,"_string":"0.00","_N$string":"0.00","_fontSize":32,"_N$verticalAlign":1}],"_color":{"__type__":"cc.Color","r":238,"g":200,"b":13},"_contentSize":{"__type__":"cc.Size","width":62.28,"height":40},"_scale":{"__type__":"cc.Vec3","x":1,"y":1,"z":1}},{"__type__":"cc.Node","_name":"list","_parent":{"__id__":18},"_children":[{"__id__":31},{"__id__":33}],"_level":6,"_position":{"__type__":"cc.Vec3","y":-30},"_scale":{"__type__":"cc.Vec3","x":1,"y":1,"z":1}},{"__type__":"cc.Node","_name":"btn_yellow","_parent":{"__id__":30},"_children":[{"__id__":32}],"_level":7,"_components":[{"__type__":"cc.Sprite","node":{"__id__":31},"_spriteFrame":{"__uuid__":"0ecFI2jPRD1oUnhzpmzFIF"},"_sizeMode":0},{"__type__":"cc.Button","node":{"__id__":31},"_N$transition":3,"transition":3}],"_contentSize":{"__type__":"cc.Size","width":130,"height":50},"_position":{"__type__":"cc.Vec3","x":10},"_scale":{"__type__":"cc.Vec3","x":1,"y":1,"z":1}},{"__type__":"cc.Node","_name":"wantZhuangLabel","_parent":{"__id__":31},"_level":8,"_components":[{"__type__":"cc.Label","node":{"__id__":32},"_useOriginalSize":false,"_string":"我要上庄","_N$string":"我要上庄","_fontSize":16,"_N$horizontalAlign":1,"_N$verticalAlign":1}],"_contentSize":{"__type__":"cc.Size","width":64,"height":40},"_scale":{"__type__":"cc.Vec3","x":1,"y":1,"z":1}},{"__type__":"cc.Node","_name":"listLabel","_parent":{"__id__":30},"_level":7,"_components":[{"__type__":"cc.Label","node":{"__id__":33},"_useOriginalSize":false,"_string":"申请人数: 4","_N$string":"申请人数: 4","_fontSize":20,"_N$horizontalAlign":1,"_N$verticalAlign":1}],"_contentSize":{"__type__":"cc.Size","width":102.24,"height":40},"_position":{"__type__":"cc.Vec3","y":-40},"_scale":{"__type__":"cc.Vec3","x":1,"y":1,"z":1}},{"__type__":"cc.Node","_name":"timer","_parent":{"__id__":18},"_children":[{"__id__":35}],"_active":false,"_level":6,"_components":[{"__type__":"cc.Sprite","node":{"__id__":34},"_spriteFrame":{"__uuid__":"59mzh2kZtGx6C45D7gKoCe"}}],"_contentSize":{"__type__":"cc.Size","width":75,"height":88},"_position":{"__type__":"cc.Vec3","x":20,"y":-130},"_scale":{"__type__":"cc.Vec3","x":1,"y":1,"z":1}},{"__type__":"cc.Node","_name":"time","_parent":{"__id__":34},"_level":7,"_components":[{"__type__":"cc.Label","node":{"__id__":35},"_useOriginalSize":false,"_string":"10","_N$string":"10","_fontSize":24,"_lineHeight":30,"_N$horizontalAlign":1,"_N$verticalAlign":1}],"_color":{"__type__":"cc.Color"},"_contentSize":{"__type__":"cc.Size","width":26.7,"height":30},"_position":{"__type__":"cc.Vec3","y":-5},"_scale":{"__type__":"cc.Vec3","x":1,"y":1,"z":1}},{"__type__":"cc.Node","_name":"cloth","_parent":{"__id__":17},"_children":[{"__id__":37},{"__id__":42},{"__id__":47},{"__id__":52},{"__id__":57},{"__id__":62},{"__id__":67},{"__id__":72}],"_level":5,"_scale":{"__type__":"cc.Vec3","x":1,"y":1,"z":1}},{"__type__":"cc.Node","_name":"part","_parent":{"__id__":36},"_children":[{"__id__":38},{"__id__":39},{"__id__":40},{"__id__":41}],"_level":6,"_components":[{"__type__":"cc.Button","node":{"__id__":37},"clickEvents":[{"__type__":"cc.ClickEvent","target":{"__id__":2},"_componentId":"dd90b9S4RZNTZYFeajWlOZu","handler":"onTableClick","customEventData":"rect"}]}],"_contentSize":{"__type__":"cc.Size","width":180,"height":214},"_position":{"__type__":"cc.Vec3","x":-157,"y":120},"_scale":{"__type__":"cc.Vec3","x":1,"y":1,"z":1}},{"__type__":"cc.Node","_name":"cloth","_parent":{"__id__":37},"_level":6,"_components":[{"__type__":"cc.Sprite","node":{"__id__":38},"_spriteFrame":{"__uuid__":"94Ri9u0YJEupwZQ9dMmwzt"}}],"_contentSize":{"__type__":"cc.Size","width":180,"height":214},"_scale":{"__type__":"cc.Vec3","x":1,"y":1,"z":1}},{"__type__":"cc.Node","_name":"clickcloth","_parent":{"__id__":37},"_active":false,"_level":6,"_components":[{"__type__":"cc.Sprite","node":{"__id__":39},"_spriteFrame":{"__uuid__":"13tfyRSq5AF5GcZOf9DU8V"}}],"_contentSize":{"__type__":"cc.Size","width":182,"height":216},"_scale":{"__type__":"cc.Vec3","x":1,"y":1,"z":1}},{"__type__":"cc.Node","_name":"05","_parent":{"__id__":37},"_level":7,"_components":[{"__type__":"cc.Sprite","node":{"__id__":40},"_spriteFrame":{"__uuid__":"1bfZwIn5VHuqtpz9rYGwOz"}}],"_contentSize":{"__type__":"cc.Size","width":79,"height":61},"_scale":{"__type__":"cc.Vec3","x":1,"y":1,"z":1},"_rotationX":-90,"_rotationY":-90,"_quat":{"__type__":"cc.Quat","z":0.7071067811865475,"w":0.7071067811865476}},{"__type__":"cc.Node","_name":"rateLabel","_parent":{"__id__":37},"_level":7,"_components":[{"__type__":"cc.Label","node":{"__id__":41},"_useOriginalSize":false,"_string":"x40","_N$string":"x40","_N$file":{"__uuid__":"d0135l++JGMbje59USyGCD"},"_isSystemFontUsed":false,"_N$horizontalAlign":1,"_N$verticalAlign":1}],"_contentSize":{"__type__":"cc.Size","width":101,"height":40},"_position":{"__type__":"cc.Vec3","y":-90},"_scale":{"__type__":"cc.Vec3","x":1,"y":1,"z":1}},{"__type__":"cc.Node","_name":"part","_parent":{"__id__":36},"_children":[{"__id__":43},{"__id__":44},{"__id__":45},{"__id__":46}],"_level":6,"_components":[{"__type__":"cc.Button","node":{"__id__":42},"clickEvents":[{"__type__":"cc.ClickEvent","target":{"__id__":2},"_componentId":"dd90b9S4RZNTZYFeajWlOZu","handler":"onTableClick","customEventData":"rect"}]}],"_contentSize":{"__type__":"cc.Size","width":180,"height":214},"_position":{"__type__":"cc.Vec3","x":27,"y":120},"_scale":{"__type__":"cc.Vec3","x":1,"y":1,"z":1}},{"__type__":"cc.Node","_name":"cloth","_parent":{"__id__":42},"_level":6,"_components":[{"__type__":"cc.Sprite","node":{"__id__":43},"_spriteFrame":{"__uuid__":"94Ri9u0YJEupwZQ9dMmwzt"}}],"_contentSize":{"__type__":"cc.Size","width":180,"height":214},"_scale":{"__type__":"cc.Vec3","x":1,"y":1,"z":1}},{"__type__":"cc.Node","_name":"clickcloth","_parent":{"__id__":42},"_active":false,"_level":6,"_components":[{"__type__":"cc.Sprite","node":{"__id__":44},"_spriteFrame":{"__uuid__":"13tfyRSq5AF5GcZOf9DU8V"}}],"_contentSize":{"__type__":"cc.Size","width":182,"height":216},"_scale":{"__type__":"cc.Vec3","x":1,"y":1,"z":1}},{"__type__":"cc.Node","_name":"04","_parent":{"__id__":42},"_level":7,"_components":[{"__type__":"cc.Sprite","node":{"__id__":45},"_spriteFrame":{"__uuid__":"3ciJ9EsRdBK7h7vMC3duIH"}}],"_contentSize":{"__type__":"cc.Size","width":84,"height":83},"_scale":{"__type__":"cc.Vec3","x":1,"y":1,"z":1}},{"__type__":"cc.Node","_name":"rateLabel","_parent":{"__id__":42},"_level":7,"_components":[{"__type__":"cc.Label","node":{"__id__":46},"_useOriginalSize":false,"_string":"x30","_N$string":"x30","_N$file":{"__uuid__":"d0135l++JGMbje59USyGCD"},"_isSystemFontUsed":false,"_N$horizontalAlign":1,"_N$verticalAlign":1}],"_contentSize":{"__type__":"cc.Size","width":100,"height":40},"_position":{"__type__":"cc.Vec3","y":-90},"_scale":{"__type__":"cc.Vec3","x":1,"y":1,"z":1}},{"__type__":"cc.Node","_name":"part","_parent":{"__id__":36},"_children":[{"__id__":48},{"__id__":49},{"__id__":50},{"__id__":51}],"_level":6,"_components":[{"__type__":"cc.Button","node":{"__id__":47},"clickEvents":[{"__type__":"cc.ClickEvent","target":{"__id__":2},"_componentId":"dd90b9S4RZNTZYFeajWlOZu","handler":"onTableClick","customEventData":"rect"}]}],"_contentSize":{"__type__":"cc.Size","width":180,"height":214},"_position":{"__type__":"cc.Vec3","x":212,"y":120},"_scale":{"__type__":"cc.Vec3","x":1,"y":1,"z":1}},{"__type__":"cc.Node","_name":"cloth","_parent":{"__id__":47},"_level":6,"_components":[{"__type__":"cc.Sprite","node":{"__id__":48},"_spriteFrame":{"__uuid__":"94Ri9u0YJEupwZQ9dMmwzt"}}],"_contentSize":{"__type__":"cc.Size","width":180,"height":214},"_scale":{"__type__":"cc.Vec3","x":1,"y":1,"z":1}},{"__type__":"cc.Node","_name":"clickcloth","_parent":{"__id__":47},"_active":false,"_level":6,"_components":[{"__type__":"cc.Sprite","node":{"__id__":49},"_spriteFrame":{"__uuid__":"13tfyRSq5AF5GcZOf9DU8V"}}],"_contentSize":{"__type__":"cc.Size","width":182,"height":216},"_scale":{"__type__":"cc.Vec3","x":1,"y":1,"z":1}},{"__type__":"cc.Node","_name":"01","_parent":{"__id__":47},"_level":7,"_components":[{"__type__":"cc.Sprite","node":{"__id__":50},"_spriteFrame":{"__uuid__":"0cxwl3zI1Lv6dn3vKQcITL"}}],"_contentSize":{"__type__":"cc.Size","width":88,"height":87},"_scale":{"__type__":"cc.Vec3","x":1,"y":1,"z":1}},{"__type__":"cc.Node","_name":"rateLabel","_parent":{"__id__":47},"_level":7,"_components":[{"__type__":"cc.Label","node":{"__id__":51},"_useOriginalSize":false,"_string":"x20","_N$string":"x20","_N$file":{"__uuid__":"d0135l++JGMbje59USyGCD"},"_isSystemFontUsed":false,"_N$horizontalAlign":1,"_N$verticalAlign":1}],"_contentSize":{"__type__":"cc.Size","width":102,"height":40},"_position":{"__type__":"cc.Vec3","y":-90},"_scale":{"__type__":"cc.Vec3","x":1,"y":1,"z":1}},{"__type__":"cc.Node","_name":"part","_parent":{"__id__":36},"_children":[{"__id__":53},{"__id__":54},{"__id__":55},{"__id__":56}],"_level":6,"_components":[{"__type__":"cc.Button","node":{"__id__":52},"clickEvents":[{"__type__":"cc.ClickEvent","target":{"__id__":2},"_componentId":"dd90b9S4RZNTZYFeajWlOZu","handler":"onTableClick","customEventData":"corner"}]}],"_contentSize":{"__type__":"cc.Size","width":180,"height":214},"_position":{"__type__":"cc.Vec3","x":406,"y":120},"_scale":{"__type__":"cc.Vec3","x":1,"y":1,"z":1}},{"__type__":"cc.Node","_name":"cloth","_parent":{"__id__":52},"_level":7,"_components":[{"__type__":"cc.Sprite","node":{"__id__":53},"_spriteFrame":{"__uuid__":"c4u7yDJv1NYoBpJRI+qhfK"}}],"_contentSize":{"__type__":"cc.Size","width":197,"height":213},"_scale":{"__type__":"cc.Vec3","x":1,"y":1,"z":1}},{"__type__":"cc.Node","_name":"clickcloth","_parent":{"__id__":52},"_active":false,"_level":6,"_components":[{"__type__":"cc.Sprite","node":{"__id__":54},"_spriteFrame":{"__uuid__":"12AEq1GqVHIoefdUkdWKx3"}}],"_contentSize":{"__type__":"cc.Size","width":198,"height":215},"_scale":{"__type__":"cc.Vec3","x":1,"y":1,"z":1}},{"__type__":"cc.Node","_name":"02","_parent":{"__id__":52},"_level":7,"_components":[{"__type__":"cc.Sprite","node":{"__id__":55},"_spriteFrame":{"__uuid__":"482MLjNH9GNZ5Th0ApoS3X"}}],"_contentSize":{"__type__":"cc.Size","width":87,"height":86},"_position":{"__type__":"cc.Vec3","x":-20},"_scale":{"__type__":"cc.Vec3","x":1,"y":1,"z":1}},{"__type__":"cc.Node","_name":"rateLabel","_parent":{"__id__":52},"_level":7,"_components":[{"__type__":"cc.Label","node":{"__id__":56},"_useOriginalSize":false,"_string":"x10","_N$string":"x10","_N$file":{"__uuid__":"d0135l++JGMbje59USyGCD"},"_isSystemFontUsed":false,"_N$horizontalAlign":1,"_N$verticalAlign":1}],"_contentSize":{"__type__":"cc.Size","width":83,"height":40},"_position":{"__type__":"cc.Vec3","y":-90},"_scale":{"__type__":"cc.Vec3","x":1,"y":1,"z":1}},{"__type__":"cc.Node","_name":"part","_parent":{"__id__":36},"_children":[{"__id__":58},{"__id__":59},{"__id__":60},{"__id__":61}],"_level":6,"_components":[{"__type__":"cc.Button","node":{"__id__":57},"clickEvents":[{"__type__":"cc.ClickEvent","target":{"__id__":2},"_componentId":"dd90b9S4RZNTZYFeajWlOZu","handler":"onTableClick","customEventData":"rect"}]}],"_contentSize":{"__type__":"cc.Size","width":180,"height":214},"_position":{"__type__":"cc.Vec3","x":-157,"y":-100},"_scale":{"__type__":"cc.Vec3","x":1,"y":1,"z":1}},{"__type__":"cc.Node","_name":"cloth","_parent":{"__id__":57},"_level":6,"_components":[{"__type__":"cc.Sprite","node":{"__id__":58},"_spriteFrame":{"__uuid__":"94Ri9u0YJEupwZQ9dMmwzt"}}],"_contentSize":{"__type__":"cc.Size","width":180,"height":214},"_scale":{"__type__":"cc.Vec3","x":1,"y":1,"z":1}},{"__type__":"cc.Node","_name":"clickcloth","_parent":{"__id__":57},"_active":false,"_level":6,"_components":[{"__type__":"cc.Sprite","node":{"__id__":59},"_spriteFrame":{"__uuid__":"13tfyRSq5AF5GcZOf9DU8V"}}],"_contentSize":{"__type__":"cc.Size","width":182,"height":216},"_scale":{"__type__":"cc.Vec3","x":1,"y":1,"z":1}},{"__type__":"cc.Node","_name":"06","_parent":{"__id__":57},"_level":7,"_components":[{"__type__":"cc.Sprite","node":{"__id__":60},"_spriteFrame":{"__uuid__":"8a35y8jk9L3ojKPLnHjUwj"}}],"_contentSize":{"__type__":"cc.Size","width":66,"height":51},"_scale":{"__type__":"cc.Vec3","x":1,"y":1,"z":1},"_rotationX":-90,"_rotationY":-90,"_quat":{"__type__":"cc.Quat","z":0.7071067811865475,"w":0.7071067811865476}},{"__type__":"cc.Node","_name":"rateLabel","_parent":{"__id__":57},"_level":7,"_components":[{"__type__":"cc.Label","node":{"__id__":61},"_useOriginalSize":false,"_string":"x5","_N$string":"x5","_N$file":{"__uuid__":"d0135l++JGMbje59USyGCD"},"_isSystemFontUsed":false,"_N$horizontalAlign":1,"_N$verticalAlign":1}],"_contentSize":{"__type__":"cc.Size","width":65,"height":40},"_position":{"__type__":"cc.Vec3","y":80},"_scale":{"__type__":"cc.Vec3","x":1,"y":1,"z":1}},{"__type__":"cc.Node","_name":"part","_parent":{"__id__":36},"_children":[{"__id__":63},{"__id__":64},{"__id__":65},{"__id__":66}],"_level":6,"_components":[{"__type__":"cc.Button","node":{"__id__":62},"clickEvents":[{"__type__":"cc.ClickEvent","target":{"__id__":2},"_componentId":"dd90b9S4RZNTZYFeajWlOZu","handler":"onTableClick","customEventData":"rect"}]}],"_contentSize":{"__type__":"cc.Size","width":180,"height":214},"_position":{"__type__":"cc.Vec3","x":27,"y":-100},"_scale":{"__type__":"cc.Vec3","x":1,"y":1,"z":1}},{"__type__":"cc.Node","_name":"cloth","_parent":{"__id__":62},"_level":6,"_components":[{"__type__":"cc.Sprite","node":{"__id__":63},"_spriteFrame":{"__uuid__":"94Ri9u0YJEupwZQ9dMmwzt"}}],"_contentSize":{"__type__":"cc.Size","width":180,"height":214},"_scale":{"__type__":"cc.Vec3","x":1,"y":1,"z":1}},{"__type__":"cc.Node","_name":"clickcloth","_parent":{"__id__":62},"_active":false,"_level":6,"_components":[{"__type__":"cc.Sprite","node":{"__id__":64},"_spriteFrame":{"__uuid__":"13tfyRSq5AF5GcZOf9DU8V"}}],"_contentSize":{"__type__":"cc.Size","width":182,"height":216},"_scale":{"__type__":"cc.Vec3","x":1,"y":1,"z":1}},{"__type__":"cc.Node","_name":"03","_parent":{"__id__":62},"_level":7,"_components":[{"__type__":"cc.Sprite","node":{"__id__":65},"_spriteFrame":{"__uuid__":"23cyfv2fZLv49oYqdFZ0nV"}}],"_contentSize":{"__type__":"cc.Size","width":66,"height":65},"_scale":{"__type__":"cc.Vec3","x":1,"y":1,"z":1}},{"__type__":"cc.Node","_name":"rateLabel","_parent":{"__id__":62},"_level":7,"_components":[{"__type__":"cc.Label","node":{"__id__":66},"_useOriginalSize":false,"_string":"x5","_N$string":"x5","_N$file":{"__uuid__":"d0135l++JGMbje59USyGCD"},"_isSystemFontUsed":false,"_N$horizontalAlign":1,"_N$verticalAlign":1}],"_contentSize":{"__type__":"cc.Size","width":65,"height":40},"_position":{"__type__":"cc.Vec3","y":80},"_scale":{"__type__":"cc.Vec3","x":1,"y":1,"z":1}},{"__type__":"cc.Node","_name":"part","_parent":{"__id__":36},"_children":[{"__id__":68},{"__id__":69},{"__id__":70},{"__id__":71}],"_level":6,"_components":[{"__type__":"cc.Button","node":{"__id__":67},"clickEvents":[{"__type__":"cc.ClickEvent","target":{"__id__":2},"_componentId":"dd90b9S4RZNTZYFeajWlOZu","handler":"onTableClick","customEventData":"rect"}]}],"_contentSize":{"__type__":"cc.Size","width":180,"height":214},"_position":{"__type__":"cc.Vec3","x":212,"y":-100},"_scale":{"__type__":"cc.Vec3","x":1,"y":1,"z":1}},{"__type__":"cc.Node","_name":"cloth","_parent":{"__id__":67},"_level":6,"_components":[{"__type__":"cc.Sprite","node":{"__id__":68},"_spriteFrame":{"__uuid__":"94Ri9u0YJEupwZQ9dMmwzt"}}],"_contentSize":{"__type__":"cc.Size","width":180,"height":214},"_scale":{"__type__":"cc.Vec3","x":1,"y":1,"z":1}},{"__type__":"cc.Node","_name":"clickcloth","_parent":{"__id__":67},"_active":false,"_level":6,"_components":[{"__type__":"cc.Sprite","node":{"__id__":69},"_spriteFrame":{"__uuid__":"13tfyRSq5AF5GcZOf9DU8V"}}],"_contentSize":{"__type__":"cc.Size","width":182,"height":216},"_scale":{"__type__":"cc.Vec3","x":1,"y":1,"z":1}},{"__type__":"cc.Node","_name":"07","_parent":{"__id__":67},"_level":7,"_components":[{"__type__":"cc.Sprite","node":{"__id__":70},"_spriteFrame":{"__uuid__":"2buyaxX4BLopq9si5lvHZC"}}],"_contentSize":{"__type__":"cc.Size","width":65,"height":65},"_scale":{"__type__":"cc.Vec3","x":1,"y":1,"z":1}},{"__type__":"cc.Node","_name":"rateLabel","_parent":{"__id__":67},"_level":7,"_components":[{"__type__":"cc.Label","node":{"__id__":71},"_useOriginalSize":false,"_string":"x5","_N$string":"x5","_N$file":{"__uuid__":"d0135l++JGMbje59USyGCD"},"_isSystemFontUsed":false,"_N$horizontalAlign":1,"_N$verticalAlign":1}],"_contentSize":{"__type__":"cc.Size","width":65,"height":40},"_position":{"__type__":"cc.Vec3","y":80},"_scale":{"__type__":"cc.Vec3","x":1,"y":1,"z":1}},{"__type__":"cc.Node","_name":"part","_parent":{"__id__":36},"_children":[{"__id__":73},{"__id__":74},{"__id__":75},{"__id__":76}],"_level":6,"_components":[{"__type__":"cc.Button","node":{"__id__":72},"clickEvents":[{"__type__":"cc.ClickEvent","target":{"__id__":2},"_componentId":"dd90b9S4RZNTZYFeajWlOZu","handler":"onTableClick","customEventData":"corner"}]}],"_contentSize":{"__type__":"cc.Size","width":180,"height":214},"_position":{"__type__":"cc.Vec3","x":406,"y":-100},"_scale":{"__type__":"cc.Vec3","x":1,"y":1,"z":1}},{"__type__":"cc.Node","_name":"cloth","_parent":{"__id__":72},"_level":7,"_components":[{"__type__":"cc.Sprite","node":{"__id__":73},"_spriteFrame":{"__uuid__":"4bN0bNIM1CW5H4C/8H2TCE"}}],"_contentSize":{"__type__":"cc.Size","width":198,"height":215},"_scale":{"__type__":"cc.Vec3","x":1,"y":1,"z":1}},{"__type__":"cc.Node","_name":"clickcloth","_parent":{"__id__":72},"_active":false,"_level":6,"_components":[{"__type__":"cc.Sprite","node":{"__id__":74},"_spriteFrame":{"__uuid__":"3epQ1/A+NBeaBJ1Dasp969"}}],"_contentSize":{"__type__":"cc.Size","width":198,"height":215},"_scale":{"__type__":"cc.Vec3","x":1,"y":1,"z":1}},{"__type__":"cc.Node","_name":"08","_parent":{"__id__":72},"_level":7,"_components":[{"__type__":"cc.Sprite","node":{"__id__":75},"_spriteFrame":{"__uuid__":"fdz4qArC9No7szkCovbHnt"}}],"_contentSize":{"__type__":"cc.Size","width":63,"height":64},"_position":{"__type__":"cc.Vec3","x":-20},"_scale":{"__type__":"cc.Vec3","x":1,"y":1,"z":1},"_rotationX":-90,"_rotationY":-90,"_quat":{"__type__":"cc.Quat","z":0.7071067811865475,"w":0.7071067811865476}},{"__type__":"cc.Node","_name":"rateLabel","_parent":{"__id__":72},"_level":7,"_components":[{"__type__":"cc.Label","node":{"__id__":76},"_useOriginalSize":false,"_string":"x5","_N$string":"x5","_N$file":{"__uuid__":"d0135l++JGMbje59USyGCD"},"_isSystemFontUsed":false,"_N$horizontalAlign":1,"_N$verticalAlign":1}],"_contentSize":{"__type__":"cc.Size","width":65,"height":40},"_position":{"__type__":"cc.Vec3","y":80},"_scale":{"__type__":"cc.Vec3","x":1,"y":1,"z":1}},{"__type__":"cc.Node","_name":"bet","_parent":{"__id__":17},"_children":[{"__type__":"cc.Node","_name":"area","_parent":{"__id__":77},"_level":6,"_contentSize":{"__type__":"cc.Size","width":180,"height":214},"_position":{"__type__":"cc.Vec3","x":-157,"y":120},"_scale":{"__type__":"cc.Vec3","x":1,"y":1,"z":1}},{"__type__":"cc.Node","_name":"area","_parent":{"__id__":77},"_level":6,"_contentSize":{"__type__":"cc.Size","width":180,"height":214},"_position":{"__type__":"cc.Vec3","x":27,"y":120},"_scale":{"__type__":"cc.Vec3","x":1,"y":1,"z":1}},{"__type__":"cc.Node","_name":"area","_parent":{"__id__":77},"_level":6,"_contentSize":{"__type__":"cc.Size","width":180,"height":214},"_position":{"__type__":"cc.Vec3","x":212,"y":120},"_scale":{"__type__":"cc.Vec3","x":1,"y":1,"z":1}},{"__type__":"cc.Node","_name":"area","_parent":{"__id__":77},"_level":6,"_contentSize":{"__type__":"cc.Size","width":180,"height":214},"_position":{"__type__":"cc.Vec3","x":400,"y":120},"_scale":{"__type__":"cc.Vec3","x":1,"y":1,"z":1}},{"__type__":"cc.Node","_name":"area","_parent":{"__id__":77},"_level":6,"_contentSize":{"__type__":"cc.Size","width":180,"height":214},"_position":{"__type__":"cc.Vec3","x":-157,"y":-100},"_scale":{"__type__":"cc.Vec3","x":1,"y":1,"z":1}},{"__type__":"cc.Node","_name":"area","_parent":{"__id__":77},"_level":6,"_contentSize":{"__type__":"cc.Size","width":180,"height":214},"_position":{"__type__":"cc.Vec3","x":27,"y":-100},"_scale":{"__type__":"cc.Vec3","x":1,"y":1,"z":1}},{"__type__":"cc.Node","_name":"area","_parent":{"__id__":77},"_level":6,"_contentSize":{"__type__":"cc.Size","width":180,"height":214},"_position":{"__type__":"cc.Vec3","x":212,"y":-100},"_scale":{"__type__":"cc.Vec3","x":1,"y":1,"z":1}},{"__type__":"cc.Node","_name":"area","_parent":{"__id__":77},"_level":6,"_contentSize":{"__type__":"cc.Size","width":180,"height":214},"_position":{"__type__":"cc.Vec3","x":400,"y":-100},"_scale":{"__type__":"cc.Vec3","x":1,"y":1,"z":1}}],"_level":5,"_scale":{"__type__":"cc.Vec3","x":1,"y":1,"z":1}},{"__type__":"cc.Node","_name":"track","_parent":{"__id__":16},"_children":[{"__id__":79},{"__id__":83},{"__id__":87},{"__id__":91},{"__id__":95},{"__id__":99},{"__id__":103},{"__id__":107},{"__id__":111},{"__id__":115},{"__id__":119},{"__id__":123},{"__id__":127},{"__id__":131},{"__id__":135},{"__id__":139},{"__id__":143},{"__id__":147},{"__id__":151},{"__id__":155},{"__id__":159},{"__id__":163},{"__id__":167},{"__id__":171},{"__id__":175},{"__id__":179},{"__id__":183},{"__id__":187},{"__id__":191},{"__id__":195},{"__id__":199},{"__id__":203}],"_level":4,"_scale":{"__type__":"cc.Vec3","x":1,"y":1,"z":1}},{"__type__":"cc.Node","_name":"car","_parent":{"__id__":78},"_children":[{"__id__":80},{"__id__":81},{"__id__":82}],"_level":5,"_components":[{"__type__":"cc.Animation","node":{"__id__":79},"_clips":[{"__uuid__":"1a0hhhN7RG/5OjnfY1CT+U"},{"__uuid__":"48c9tuuUdGOYpeihoDpxhU"}]}],"_position":{"__type__":"cc.Vec3","x":-225,"y":270},"_scale":{"__type__":"cc.Vec3","x":1,"y":1,"z":1}},{"__type__":"cc.Node","_name":"bg","_parent":{"__id__":79},"_level":5,"_components":[{"__type__":"cc.Sprite","node":{"__id__":80},"_spriteFrame":{"__uuid__":"09CZQyRz5AJ4k/jxfdveQi"}}],"_opacity":0,"_contentSize":{"__type__":"cc.Size","width":93,"height":93},"_scale":{"__type__":"cc.Vec3","x":1,"y":1,"z":1}},{"__type__":"cc.Node","_name":"logo","_parent":{"__id__":79},"_level":5,"_components":[{"__type__":"cc.Sprite","node":{"__id__":81},"_spriteFrame":{"__uuid__":"33XM+PpYtEg752qfNpxACg"}}],"_contentSize":{"__type__":"cc.Size","width":69,"height":69},"_scale":{"__type__":"cc.Vec3","x":1,"y":1,"z":1}},{"__type__":"cc.Node","_name":"stop","_parent":{"__id__":79},"_level":5,"_components":[{"__type__":"cc.Sprite","node":{"__id__":82},"_spriteFrame":{"__uuid__":"11iwiSU8NE1ZBbYxDLXAf4"}}],"_opacity":0,"_contentSize":{"__type__":"cc.Size","width":103,"height":103},"_scale":{"__type__":"cc.Vec3","x":1,"y":1,"z":1}},{"__type__":"cc.Node","_name":"car","_parent":{"__id__":78},"_children":[{"__id__":84},{"__id__":85},{"__id__":86}],"_level":5,"_components":[{"__type__":"cc.Animation","node":{"__id__":83},"_clips":[{"__uuid__":"1a0hhhN7RG/5OjnfY1CT+U"},{"__uuid__":"48c9tuuUdGOYpeihoDpxhU"}]}],"_position":{"__type__":"cc.Vec3","x":-145,"y":270},"_scale":{"__type__":"cc.Vec3","x":1,"y":1,"z":1}},{"__type__":"cc.Node","_name":"bg","_parent":{"__id__":83},"_level":5,"_components":[{"__type__":"cc.Sprite","node":{"__id__":84},"_spriteFrame":{"__uuid__":"09CZQyRz5AJ4k/jxfdveQi"}}],"_opacity":0,"_contentSize":{"__type__":"cc.Size","width":93,"height":93},"_scale":{"__type__":"cc.Vec3","x":1,"y":1,"z":1}},{"__type__":"cc.Node","_name":"logo","_parent":{"__id__":83},"_level":5,"_components":[{"__type__":"cc.Sprite","node":{"__id__":85},"_spriteFrame":{"__uuid__":"2bhUI6L35Hy4F/2VCairHp"}}],"_contentSize":{"__type__":"cc.Size","width":69,"height":69},"_scale":{"__type__":"cc.Vec3","x":1,"y":1,"z":1}},{"__type__":"cc.Node","_name":"stop","_parent":{"__id__":83},"_level":5,"_components":[{"__type__":"cc.Sprite","node":{"__id__":86},"_spriteFrame":{"__uuid__":"11iwiSU8NE1ZBbYxDLXAf4"}}],"_opacity":0,"_contentSize":{"__type__":"cc.Size","width":103,"height":103},"_scale":{"__type__":"cc.Vec3","x":1,"y":1,"z":1}},{"__type__":"cc.Node","_name":"car","_parent":{"__id__":78},"_children":[{"__id__":88},{"__id__":89},{"__id__":90}],"_level":5,"_components":[{"__type__":"cc.Animation","node":{"__id__":87},"_clips":[{"__uuid__":"1a0hhhN7RG/5OjnfY1CT+U"},{"__uuid__":"48c9tuuUdGOYpeihoDpxhU"}]}],"_position":{"__type__":"cc.Vec3","x":-65,"y":270},"_scale":{"__type__":"cc.Vec3","x":1,"y":1,"z":1}},{"__type__":"cc.Node","_name":"bg","_parent":{"__id__":87},"_level":5,"_components":[{"__type__":"cc.Sprite","node":{"__id__":88},"_spriteFrame":{"__uuid__":"09CZQyRz5AJ4k/jxfdveQi"}}],"_opacity":0,"_contentSize":{"__type__":"cc.Size","width":93,"height":93},"_scale":{"__type__":"cc.Vec3","x":1,"y":1,"z":1}},{"__type__":"cc.Node","_name":"logo","_parent":{"__id__":87},"_level":5,"_components":[{"__type__":"cc.Sprite","node":{"__id__":89},"_spriteFrame":{"__uuid__":"efes1bR4RL6KEE3rqriSpP"}}],"_contentSize":{"__type__":"cc.Size","width":69,"height":69},"_scale":{"__type__":"cc.Vec3","x":1,"y":1,"z":1}},{"__type__":"cc.Node","_name":"stop","_parent":{"__id__":87},"_level":5,"_components":[{"__type__":"cc.Sprite","node":{"__id__":90},"_spriteFrame":{"__uuid__":"11iwiSU8NE1ZBbYxDLXAf4"}}],"_opacity":0,"_contentSize":{"__type__":"cc.Size","width":103,"height":103},"_scale":{"__type__":"cc.Vec3","x":1,"y":1,"z":1}},{"__type__":"cc.Node","_name":"car","_parent":{"__id__":78},"_children":[{"__id__":92},{"__id__":93},{"__id__":94}],"_level":5,"_components":[{"__type__":"cc.Animation","node":{"__id__":91},"_clips":[{"__uuid__":"1a0hhhN7RG/5OjnfY1CT+U"},{"__uuid__":"48c9tuuUdGOYpeihoDpxhU"}]}],"_position":{"__type__":"cc.Vec3","x":25,"y":270},"_scale":{"__type__":"cc.Vec3","x":1,"y":1,"z":1}},{"__type__":"cc.Node","_name":"bg","_parent":{"__id__":91},"_level":5,"_components":[{"__type__":"cc.Sprite","node":{"__id__":92},"_spriteFrame":{"__uuid__":"09CZQyRz5AJ4k/jxfdveQi"}}],"_opacity":0,"_contentSize":{"__type__":"cc.Size","width":93,"height":93},"_scale":{"__type__":"cc.Vec3","x":1,"y":1,"z":1}},{"__type__":"cc.Node","_name":"logo","_parent":{"__id__":91},"_level":5,"_components":[{"__type__":"cc.Sprite","node":{"__id__":93},"_spriteFrame":{"__uuid__":"dbfUgJ79FClIw4BEdHrR1t"}}],"_contentSize":{"__type__":"cc.Size","width":69,"height":69},"_scale":{"__type__":"cc.Vec3","x":1,"y":1,"z":1}},{"__type__":"cc.Node","_name":"stop","_parent":{"__id__":91},"_level":5,"_components":[{"__type__":"cc.Sprite","node":{"__id__":94},"_spriteFrame":{"__uuid__":"11iwiSU8NE1ZBbYxDLXAf4"}}],"_opacity":0,"_contentSize":{"__type__":"cc.Size","width":103,"height":103},"_scale":{"__type__":"cc.Vec3","x":1,"y":1,"z":1}},{"__type__":"cc.Node","_name":"car","_parent":{"__id__":78},"_children":[{"__id__":96},{"__id__":97},{"__id__":98}],"_level":5,"_components":[{"__type__":"cc.Animation","node":{"__id__":95},"_clips":[{"__uuid__":"1a0hhhN7RG/5OjnfY1CT+U"},{"__uuid__":"48c9tuuUdGOYpeihoDpxhU"}]}],"_position":{"__type__":"cc.Vec3","x":105,"y":270},"_scale":{"__type__":"cc.Vec3","x":1,"y":1,"z":1}},{"__type__":"cc.Node","_name":"bg","_parent":{"__id__":95},"_level":5,"_components":[{"__type__":"cc.Sprite","node":{"__id__":96},"_spriteFrame":{"__uuid__":"4a/huFisZO2bT62HIA4h66"}}],"_opacity":0,"_contentSize":{"__type__":"cc.Size","width":97,"height":97},"_scale":{"__type__":"cc.Vec3","x":1,"y":1,"z":1}},{"__type__":"cc.Node","_name":"logo","_parent":{"__id__":95},"_level":5,"_components":[{"__type__":"cc.Sprite","node":{"__id__":97},"_spriteFrame":{"__uuid__":"5ab4c1+EdJxoMSiJRd1aKl"}}],"_contentSize":{"__type__":"cc.Size","width":69,"height":69},"_scale":{"__type__":"cc.Vec3","x":1,"y":1,"z":1}},{"__type__":"cc.Node","_name":"stop","_parent":{"__id__":95},"_level":5,"_components":[{"__type__":"cc.Sprite","node":{"__id__":98},"_spriteFrame":{"__uuid__":"e5E3Y2UQ1EiLU7T7IHeKYl"}}],"_opacity":0,"_contentSize":{"__type__":"cc.Size","width":128,"height":128},"_scale":{"__type__":"cc.Vec3","x":1,"y":1,"z":1}},{"__type__":"cc.Node","_name":"car","_parent":{"__id__":78},"_children":[{"__id__":100},{"__id__":101},{"__id__":102}],"_level":5,"_components":[{"__type__":"cc.Animation","node":{"__id__":99},"_clips":[{"__uuid__":"1a0hhhN7RG/5OjnfY1CT+U"},{"__uuid__":"48c9tuuUdGOYpeihoDpxhU"}]}],"_position":{"__type__":"cc.Vec3","x":185,"y":270},"_scale":{"__type__":"cc.Vec3","x":1,"y":1,"z":1}},{"__type__":"cc.Node","_name":"bg","_parent":{"__id__":99},"_level":5,"_components":[{"__type__":"cc.Sprite","node":{"__id__":100},"_spriteFrame":{"__uuid__":"4a/huFisZO2bT62HIA4h66"}}],"_opacity":0,"_contentSize":{"__type__":"cc.Size","width":97,"height":97},"_scale":{"__type__":"cc.Vec3","x":1,"y":1,"z":1}},{"__type__":"cc.Node","_name":"logo","_parent":{"__id__":99},"_level":5,"_components":[{"__type__":"cc.Sprite","node":{"__id__":101},"_spriteFrame":{"__uuid__":"69zGlC45FMw4oQqdXx0ert"}}],"_contentSize":{"__type__":"cc.Size","width":69,"height":69},"_scale":{"__type__":"cc.Vec3","x":1,"y":1,"z":1}},{"__type__":"cc.Node","_name":"stop","_parent":{"__id__":99},"_level":5,"_components":[{"__type__":"cc.Sprite","node":{"__id__":102},"_spriteFrame":{"__uuid__":"e5E3Y2UQ1EiLU7T7IHeKYl"}}],"_opacity":0,"_contentSize":{"__type__":"cc.Size","width":128,"height":128},"_scale":{"__type__":"cc.Vec3","x":1,"y":1,"z":1}},{"__type__":"cc.Node","_name":"car","_parent":{"__id__":78},"_children":[{"__id__":104},{"__id__":105},{"__id__":106}],"_level":5,"_components":[{"__type__":"cc.Animation","node":{"__id__":103},"_defaultClip":{"__uuid__":"1a0hhhN7RG/5OjnfY1CT+U"},"_clips":[{"__uuid__":"1a0hhhN7RG/5OjnfY1CT+U"},{"__uuid__":"48c9tuuUdGOYpeihoDpxhU"}],"playOnLoad":true}],"_position":{"__type__":"cc.Vec3","x":265,"y":270},"_scale":{"__type__":"cc.Vec3","x":1,"y":1,"z":1}},{"__type__":"cc.Node","_name":"bg","_parent":{"__id__":103},"_level":5,"_components":[{"__type__":"cc.Sprite","node":{"__id__":104},"_spriteFrame":{"__uuid__":"4a/huFisZO2bT62HIA4h66"}}],"_opacity":0,"_contentSize":{"__type__":"cc.Size","width":97,"height":97},"_scale":{"__type__":"cc.Vec3","x":1,"y":1,"z":1}},{"__type__":"cc.Node","_name":"logo","_parent":{"__id__":103},"_level":5,"_components":[{"__type__":"cc.Sprite","node":{"__id__":105},"_spriteFrame":{"__uuid__":"f2U/G499BOd6HmfMvJwNjy"}}],"_contentSize":{"__type__":"cc.Size","width":69,"height":69},"_scale":{"__type__":"cc.Vec3","x":1,"y":1,"z":1}},{"__type__":"cc.Node","_name":"stop","_parent":{"__id__":103},"_level":5,"_components":[{"__type__":"cc.Sprite","node":{"__id__":106},"_spriteFrame":{"__uuid__":"e5E3Y2UQ1EiLU7T7IHeKYl"}}],"_opacity":0,"_contentSize":{"__type__":"cc.Size","width":128,"height":128},"_scale":{"__type__":"cc.Vec3","x":1,"y":1,"z":1}},{"__type__":"cc.Node","_name":"car","_parent":{"__id__":78},"_children":[{"__id__":108},{"__id__":109},{"__id__":110}],"_level":5,"_components":[{"__type__":"cc.Animation","node":{"__id__":107},"_defaultClip":{"__uuid__":"48c9tuuUdGOYpeihoDpxhU"},"_clips":[{"__uuid__":"1a0hhhN7RG/5OjnfY1CT+U"},{"__uuid__":"48c9tuuUdGOYpeihoDpxhU"}]}],"_position":{"__type__":"cc.Vec3","x":345,"y":265},"_scale":{"__type__":"cc.Vec3","x":1,"y":1,"z":1}},{"__type__":"cc.Node","_name":"bg","_parent":{"__id__":107},"_level":5,"_components":[{"__type__":"cc.Sprite","node":{"__id__":108},"_spriteFrame":{"__uuid__":"4a/huFisZO2bT62HIA4h66"}}],"_opacity":0,"_contentSize":{"__type__":"cc.Size","width":97,"height":97},"_scale":{"__type__":"cc.Vec3","x":1,"y":1,"z":1}},{"__type__":"cc.Node","_name":"logo","_parent":{"__id__":107},"_level":5,"_components":[{"__type__":"cc.Sprite","node":{"__id__":109},"_spriteFrame":{"__uuid__":"6fauk0yI1F37iNu4/aF7xw"}}],"_contentSize":{"__type__":"cc.Size","width":69,"height":69},"_scale":{"__type__":"cc.Vec3","x":1,"y":1,"z":1}},{"__type__":"cc.Node","_name":"stop","_parent":{"__id__":107},"_level":5,"_components":[{"__type__":"cc.Sprite","node":{"__id__":110},"_spriteFrame":{"__uuid__":"e5E3Y2UQ1EiLU7T7IHeKYl"}}],"_opacity":0,"_contentSize":{"__type__":"cc.Size","width":128,"height":128},"_scale":{"__type__":"cc.Vec3","x":1,"y":1,"z":1}},{"__type__":"cc.Node","_name":"car","_parent":{"__id__":78},"_children":[{"__id__":112},{"__id__":113},{"__id__":114}],"_level":5,"_components":[{"__type__":"cc.Animation","node":{"__id__":111},"_clips":[{"__uuid__":"1a0hhhN7RG/5OjnfY1CT+U"},{"__uuid__":"48c9tuuUdGOYpeihoDpxhU"}]}],"_position":{"__type__":"cc.Vec3","x":425,"y":235},"_scale":{"__type__":"cc.Vec3","x":1,"y":1,"z":1}},{"__type__":"cc.Node","_name":"bg","_parent":{"__id__":111},"_level":5,"_components":[{"__type__":"cc.Sprite","node":{"__id__":112},"_spriteFrame":{"__uuid__":"09CZQyRz5AJ4k/jxfdveQi"}}],"_opacity":0,"_contentSize":{"__type__":"cc.Size","width":93,"height":93},"_scale":{"__type__":"cc.Vec3","x":1,"y":1,"z":1}},{"__type__":"cc.Node","_name":"logo","_parent":{"__id__":111},"_level":5,"_components":[{"__type__":"cc.Sprite","node":{"__id__":113},"_spriteFrame":{"__uuid__":"33XM+PpYtEg752qfNpxACg"}}],"_contentSize":{"__type__":"cc.Size","width":69,"height":69},"_scale":{"__type__":"cc.Vec3","x":1,"y":1,"z":1}},{"__type__":"cc.Node","_name":"stop","_parent":{"__id__":111},"_level":5,"_components":[{"__type__":"cc.Sprite","node":{"__id__":114},"_spriteFrame":{"__uuid__":"11iwiSU8NE1ZBbYxDLXAf4"}}],"_opacity":0,"_contentSize":{"__type__":"cc.Size","width":103,"height":103},"_scale":{"__type__":"cc.Vec3","x":1,"y":1,"z":1}},{"__type__":"cc.Node","_name":"car","_parent":{"__id__":78},"_children":[{"__id__":116},{"__id__":117},{"__id__":118}],"_level":5,"_components":[{"__type__":"cc.Animation","node":{"__id__":115},"_clips":[{"__uuid__":"1a0hhhN7RG/5OjnfY1CT+U"},{"__uuid__":"48c9tuuUdGOYpeihoDpxhU"}]}],"_position":{"__type__":"cc.Vec3","x":485,"y":175},"_scale":{"__type__":"cc.Vec3","x":1,"y":1,"z":1}},{"__type__":"cc.Node","_name":"bg","_parent":{"__id__":115},"_level":5,"_components":[{"__type__":"cc.Sprite","node":{"__id__":116},"_spriteFrame":{"__uuid__":"09CZQyRz5AJ4k/jxfdveQi"}}],"_opacity":0,"_contentSize":{"__type__":"cc.Size","width":93,"height":93},"_scale":{"__type__":"cc.Vec3","x":1,"y":1,"z":1}},{"__type__":"cc.Node","_name":"logo","_parent":{"__id__":115},"_level":5,"_components":[{"__type__":"cc.Sprite","node":{"__id__":117},"_spriteFrame":{"__uuid__":"2bhUI6L35Hy4F/2VCairHp"}}],"_contentSize":{"__type__":"cc.Size","width":69,"height":69},"_scale":{"__type__":"cc.Vec3","x":1,"y":1,"z":1}},{"__type__":"cc.Node","_name":"stop","_parent":{"__id__":115},"_level":5,"_components":[{"__type__":"cc.Sprite","node":{"__id__":118},"_spriteFrame":{"__uuid__":"11iwiSU8NE1ZBbYxDLXAf4"}}],"_opacity":0,"_contentSize":{"__type__":"cc.Size","width":103,"height":103},"_scale":{"__type__":"cc.Vec3","x":1,"y":1,"z":1}},{"__type__":"cc.Node","_name":"car","_parent":{"__id__":78},"_children":[{"__id__":120},{"__id__":121},{"__id__":122}],"_level":5,"_components":[{"__type__":"cc.Animation","node":{"__id__":119},"_clips":[{"__uuid__":"1a0hhhN7RG/5OjnfY1CT+U"},{"__uuid__":"48c9tuuUdGOYpeihoDpxhU"}]}],"_position":{"__type__":"cc.Vec3","x":525,"y":105},"_scale":{"__type__":"cc.Vec3","x":1,"y":1,"z":1}},{"__type__":"cc.Node","_name":"bg","_parent":{"__id__":119},"_level":5,"_components":[{"__type__":"cc.Sprite","node":{"__id__":120},"_spriteFrame":{"__uuid__":"09CZQyRz5AJ4k/jxfdveQi"}}],"_opacity":0,"_contentSize":{"__type__":"cc.Size","width":93,"height":93},"_scale":{"__type__":"cc.Vec3","x":1,"y":1,"z":1}},{"__type__":"cc.Node","_name":"logo","_parent":{"__id__":119},"_level":5,"_components":[{"__type__":"cc.Sprite","node":{"__id__":121},"_spriteFrame":{"__uuid__":"efes1bR4RL6KEE3rqriSpP"}}],"_contentSize":{"__type__":"cc.Size","width":69,"height":69},"_scale":{"__type__":"cc.Vec3","x":1,"y":1,"z":1}},{"__type__":"cc.Node","_name":"stop","_parent":{"__id__":119},"_level":5,"_components":[{"__type__":"cc.Sprite","node":{"__id__":122},"_spriteFrame":{"__uuid__":"11iwiSU8NE1ZBbYxDLXAf4"}}],"_opacity":0,"_contentSize":{"__type__":"cc.Size","width":103,"height":103},"_scale":{"__type__":"cc.Vec3","x":1,"y":1,"z":1}},{"__type__":"cc.Node","_name":"car","_parent":{"__id__":78},"_children":[{"__id__":124},{"__id__":125},{"__id__":126}],"_level":5,"_components":[{"__type__":"cc.Animation","node":{"__id__":123},"_clips":[{"__uuid__":"1a0hhhN7RG/5OjnfY1CT+U"},{"__uuid__":"48c9tuuUdGOYpeihoDpxhU"}]}],"_position":{"__type__":"cc.Vec3","x":545,"y":25},"_scale":{"__type__":"cc.Vec3","x":1,"y":1,"z":1}},{"__type__":"cc.Node","_name":"bg","_parent":{"__id__":123},"_level":5,"_components":[{"__type__":"cc.Sprite","node":{"__id__":124},"_spriteFrame":{"__uuid__":"09CZQyRz5AJ4k/jxfdveQi"}}],"_opacity":0,"_contentSize":{"__type__":"cc.Size","width":93,"height":93},"_scale":{"__type__":"cc.Vec3","x":1,"y":1,"z":1}},{"__type__":"cc.Node","_name":"logo","_parent":{"__id__":123},"_level":5,"_components":[{"__type__":"cc.Sprite","node":{"__id__":125},"_spriteFrame":{"__uuid__":"dbfUgJ79FClIw4BEdHrR1t"}}],"_contentSize":{"__type__":"cc.Size","width":69,"height":69},"_scale":{"__type__":"cc.Vec3","x":1,"y":1,"z":1}},{"__type__":"cc.Node","_name":"stop","_parent":{"__id__":123},"_level":5,"_components":[{"__type__":"cc.Sprite","node":{"__id__":126},"_spriteFrame":{"__uuid__":"11iwiSU8NE1ZBbYxDLXAf4"}}],"_opacity":0,"_contentSize":{"__type__":"cc.Size","width":103,"height":103},"_scale":{"__type__":"cc.Vec3","x":1,"y":1,"z":1}},{"__type__":"cc.Node","_name":"car","_parent":{"__id__":78},"_children":[{"__id__":128},{"__id__":129},{"__id__":130}],"_level":5,"_components":[{"__type__":"cc.Animation","node":{"__id__":127},"_clips":[{"__uuid__":"1a0hhhN7RG/5OjnfY1CT+U"},{"__uuid__":"48c9tuuUdGOYpeihoDpxhU"}]}],"_position":{"__type__":"cc.Vec3","x":535,"y":-60},"_scale":{"__type__":"cc.Vec3","x":1,"y":1,"z":1}},{"__type__":"cc.Node","_name":"bg","_parent":{"__id__":127},"_level":5,"_components":[{"__type__":"cc.Sprite","node":{"__id__":128},"_spriteFrame":{"__uuid__":"4a/huFisZO2bT62HIA4h66"}}],"_opacity":0,"_contentSize":{"__type__":"cc.Size","width":97,"height":97},"_scale":{"__type__":"cc.Vec3","x":1,"y":1,"z":1}},{"__type__":"cc.Node","_name":"logo","_parent":{"__id__":127},"_level":5,"_components":[{"__type__":"cc.Sprite","node":{"__id__":129},"_spriteFrame":{"__uuid__":"5ab4c1+EdJxoMSiJRd1aKl"}}],"_contentSize":{"__type__":"cc.Size","width":69,"height":69},"_scale":{"__type__":"cc.Vec3","x":1,"y":1,"z":1}},{"__type__":"cc.Node","_name":"stop","_parent":{"__id__":127},"_level":5,"_components":[{"__type__":"cc.Sprite","node":{"__id__":130},"_spriteFrame":{"__uuid__":"e5E3Y2UQ1EiLU7T7IHeKYl"}}],"_opacity":0,"_contentSize":{"__type__":"cc.Size","width":128,"height":128},"_scale":{"__type__":"cc.Vec3","x":1,"y":1,"z":1}},{"__type__":"cc.Node","_name":"car","_parent":{"__id__":78},"_children":[{"__id__":132},{"__id__":133},{"__id__":134}],"_level":5,"_components":[{"__type__":"cc.Animation","node":{"__id__":131},"_clips":[{"__uuid__":"1a0hhhN7RG/5OjnfY1CT+U"},{"__uuid__":"48c9tuuUdGOYpeihoDpxhU"}]}],"_position":{"__type__":"cc.Vec3","x":490,"y":-145},"_scale":{"__type__":"cc.Vec3","x":1,"y":1,"z":1}},{"__type__":"cc.Node","_name":"bg","_parent":{"__id__":131},"_level":5,"_components":[{"__type__":"cc.Sprite","node":{"__id__":132},"_spriteFrame":{"__uuid__":"4a/huFisZO2bT62HIA4h66"}}],"_opacity":0,"_contentSize":{"__type__":"cc.Size","width":97,"height":97},"_scale":{"__type__":"cc.Vec3","x":1,"y":1,"z":1}},{"__type__":"cc.Node","_name":"logo","_parent":{"__id__":131},"_level":5,"_components":[{"__type__":"cc.Sprite","node":{"__id__":133},"_spriteFrame":{"__uuid__":"69zGlC45FMw4oQqdXx0ert"}}],"_contentSize":{"__type__":"cc.Size","width":69,"height":69},"_scale":{"__type__":"cc.Vec3","x":1,"y":1,"z":1}},{"__type__":"cc.Node","_name":"stop","_parent":{"__id__":131},"_level":5,"_components":[{"__type__":"cc.Sprite","node":{"__id__":134},"_spriteFrame":{"__uuid__":"e5E3Y2UQ1EiLU7T7IHeKYl"}}],"_opacity":0,"_contentSize":{"__type__":"cc.Size","width":128,"height":128},"_scale":{"__type__":"cc.Vec3","x":1,"y":1,"z":1}},{"__type__":"cc.Node","_name":"car","_parent":{"__id__":78},"_children":[{"__id__":136},{"__id__":137},{"__id__":138}],"_level":5,"_components":[{"__type__":"cc.Animation","node":{"__id__":135},"_clips":[{"__uuid__":"1a0hhhN7RG/5OjnfY1CT+U"},{"__uuid__":"48c9tuuUdGOYpeihoDpxhU"}]}],"_position":{"__type__":"cc.Vec3","x":430,"y":-205},"_scale":{"__type__":"cc.Vec3","x":1,"y":1,"z":1}},{"__type__":"cc.Node","_name":"bg","_parent":{"__id__":135},"_level":5,"_components":[{"__type__":"cc.Sprite","node":{"__id__":136},"_spriteFrame":{"__uuid__":"4a/huFisZO2bT62HIA4h66"}}],"_opacity":0,"_contentSize":{"__type__":"cc.Size","width":97,"height":97},"_scale":{"__type__":"cc.Vec3","x":1,"y":1,"z":1}},{"__type__":"cc.Node","_name":"logo","_parent":{"__id__":135},"_level":5,"_components":[{"__type__":"cc.Sprite","node":{"__id__":137},"_spriteFrame":{"__uuid__":"f2U/G499BOd6HmfMvJwNjy"}}],"_contentSize":{"__type__":"cc.Size","width":69,"height":69},"_scale":{"__type__":"cc.Vec3","x":1,"y":1,"z":1}},{"__type__":"cc.Node","_name":"stop","_parent":{"__id__":135},"_level":5,"_components":[{"__type__":"cc.Sprite","node":{"__id__":138},"_spriteFrame":{"__uuid__":"e5E3Y2UQ1EiLU7T7IHeKYl"}}],"_opacity":0,"_contentSize":{"__type__":"cc.Size","width":128,"height":128},"_scale":{"__type__":"cc.Vec3","x":1,"y":1,"z":1}},{"__type__":"cc.Node","_name":"car","_parent":{"__id__":78},"_children":[{"__id__":140},{"__id__":141},{"__id__":142}],"_level":5,"_components":[{"__type__":"cc.Animation","node":{"__id__":139},"_clips":[{"__uuid__":"1a0hhhN7RG/5OjnfY1CT+U"},{"__uuid__":"48c9tuuUdGOYpeihoDpxhU"}]}],"_position":{"__type__":"cc.Vec3","x":350,"y":-240},"_scale":{"__type__":"cc.Vec3","x":1,"y":1,"z":1}},{"__type__":"cc.Node","_name":"bg","_parent":{"__id__":139},"_level":5,"_components":[{"__type__":"cc.Sprite","node":{"__id__":140},"_spriteFrame":{"__uuid__":"4a/huFisZO2bT62HIA4h66"}}],"_opacity":0,"_contentSize":{"__type__":"cc.Size","width":97,"height":97},"_scale":{"__type__":"cc.Vec3","x":1,"y":1,"z":1}},{"__type__":"cc.Node","_name":"logo","_parent":{"__id__":139},"_level":5,"_components":[{"__type__":"cc.Sprite","node":{"__id__":141},"_spriteFrame":{"__uuid__":"6fauk0yI1F37iNu4/aF7xw"}}],"_contentSize":{"__type__":"cc.Size","width":69,"height":69},"_scale":{"__type__":"cc.Vec3","x":1,"y":1,"z":1}},{"__type__":"cc.Node","_name":"stop","_parent":{"__id__":139},"_level":5,"_components":[{"__type__":"cc.Sprite","node":{"__id__":142},"_spriteFrame":{"__uuid__":"e5E3Y2UQ1EiLU7T7IHeKYl"}}],"_opacity":0,"_contentSize":{"__type__":"cc.Size","width":128,"height":128},"_scale":{"__type__":"cc.Vec3","x":1,"y":1,"z":1}},{"__type__":"cc.Node","_name":"car","_parent":{"__id__":78},"_children":[{"__id__":144},{"__id__":145},{"__id__":146}],"_level":5,"_components":[{"__type__":"cc.Animation","node":{"__id__":143},"_clips":[{"__uuid__":"1a0hhhN7RG/5OjnfY1CT+U"},{"__uuid__":"48c9tuuUdGOYpeihoDpxhU"}]}],"_position":{"__type__":"cc.Vec3","x":265,"y":-245},"_scale":{"__type__":"cc.Vec3","x":1,"y":1,"z":1}},{"__type__":"cc.Node","_name":"bg","_parent":{"__id__":143},"_level":5,"_components":[{"__type__":"cc.Sprite","node":{"__id__":144},"_spriteFrame":{"__uuid__":"09CZQyRz5AJ4k/jxfdveQi"}}],"_opacity":0,"_contentSize":{"__type__":"cc.Size","width":93,"height":93},"_scale":{"__type__":"cc.Vec3","x":1,"y":1,"z":1}},{"__type__":"cc.Node","_name":"logo","_parent":{"__id__":143},"_level":5,"_components":[{"__type__":"cc.Sprite","node":{"__id__":145},"_spriteFrame":{"__uuid__":"33XM+PpYtEg752qfNpxACg"}}],"_contentSize":{"__type__":"cc.Size","width":69,"height":69},"_scale":{"__type__":"cc.Vec3","x":1,"y":1,"z":1}},{"__type__":"cc.Node","_name":"stop","_parent":{"__id__":143},"_level":5,"_components":[{"__type__":"cc.Sprite","node":{"__id__":146},"_spriteFrame":{"__uuid__":"11iwiSU8NE1ZBbYxDLXAf4"}}],"_opacity":0,"_contentSize":{"__type__":"cc.Size","width":103,"height":103},"_scale":{"__type__":"cc.Vec3","x":1,"y":1,"z":1}},{"__type__":"cc.Node","_name":"car","_parent":{"__id__":78},"_children":[{"__id__":148},{"__id__":149},{"__id__":150}],"_level":5,"_components":[{"__type__":"cc.Animation","node":{"__id__":147},"_clips":[{"__uuid__":"1a0hhhN7RG/5OjnfY1CT+U"},{"__uuid__":"48c9tuuUdGOYpeihoDpxhU"}]}],"_position":{"__type__":"cc.Vec3","x":185,"y":-245},"_scale":{"__type__":"cc.Vec3","x":1,"y":1,"z":1}},{"__type__":"cc.Node","_name":"bg","_parent":{"__id__":147},"_level":5,"_components":[{"__type__":"cc.Sprite","node":{"__id__":148},"_spriteFrame":{"__uuid__":"09CZQyRz5AJ4k/jxfdveQi"}}],"_opacity":0,"_contentSize":{"__type__":"cc.Size","width":93,"height":93},"_scale":{"__type__":"cc.Vec3","x":1,"y":1,"z":1}},{"__type__":"cc.Node","_name":"logo","_parent":{"__id__":147},"_level":5,"_components":[{"__type__":"cc.Sprite","node":{"__id__":149},"_spriteFrame":{"__uuid__":"2bhUI6L35Hy4F/2VCairHp"}}],"_contentSize":{"__type__":"cc.Size","width":69,"height":69},"_scale":{"__type__":"cc.Vec3","x":1,"y":1,"z":1}},{"__type__":"cc.Node","_name":"stop","_parent":{"__id__":147},"_level":5,"_components":[{"__type__":"cc.Sprite","node":{"__id__":150},"_spriteFrame":{"__uuid__":"11iwiSU8NE1ZBbYxDLXAf4"}}],"_opacity":0,"_contentSize":{"__type__":"cc.Size","width":103,"height":103},"_scale":{"__type__":"cc.Vec3","x":1,"y":1,"z":1}},{"__type__":"cc.Node","_name":"car","_parent":{"__id__":78},"_children":[{"__id__":152},{"__id__":153},{"__id__":154}],"_level":5,"_components":[{"__type__":"cc.Animation","node":{"__id__":151},"_clips":[{"__uuid__":"1a0hhhN7RG/5OjnfY1CT+U"},{"__uuid__":"48c9tuuUdGOYpeihoDpxhU"}]}],"_position":{"__type__":"cc.Vec3","x":105,"y":-245},"_scale":{"__type__":"cc.Vec3","x":1,"y":1,"z":1}},{"__type__":"cc.Node","_name":"bg","_parent":{"__id__":151},"_level":5,"_components":[{"__type__":"cc.Sprite","node":{"__id__":152},"_spriteFrame":{"__uuid__":"09CZQyRz5AJ4k/jxfdveQi"}}],"_opacity":0,"_contentSize":{"__type__":"cc.Size","width":93,"height":93},"_scale":{"__type__":"cc.Vec3","x":1,"y":1,"z":1}},{"__type__":"cc.Node","_name":"logo","_parent":{"__id__":151},"_level":5,"_components":[{"__type__":"cc.Sprite","node":{"__id__":153},"_spriteFrame":{"__uuid__":"efes1bR4RL6KEE3rqriSpP"}}],"_contentSize":{"__type__":"cc.Size","width":69,"height":69},"_scale":{"__type__":"cc.Vec3","x":1,"y":1,"z":1}},{"__type__":"cc.Node","_name":"stop","_parent":{"__id__":151},"_level":5,"_components":[{"__type__":"cc.Sprite","node":{"__id__":154},"_spriteFrame":{"__uuid__":"11iwiSU8NE1ZBbYxDLXAf4"}}],"_opacity":0,"_contentSize":{"__type__":"cc.Size","width":103,"height":103},"_scale":{"__type__":"cc.Vec3","x":1,"y":1,"z":1}},{"__type__":"cc.Node","_name":"car","_parent":{"__id__":78},"_children":[{"__id__":156},{"__id__":157},{"__id__":158}],"_level":5,"_components":[{"__type__":"cc.Animation","node":{"__id__":155},"_clips":[{"__uuid__":"1a0hhhN7RG/5OjnfY1CT+U"},{"__uuid__":"48c9tuuUdGOYpeihoDpxhU"}]}],"_position":{"__type__":"cc.Vec3","x":25,"y":-245},"_scale":{"__type__":"cc.Vec3","x":1,"y":1,"z":1}},{"__type__":"cc.Node","_name":"bg","_parent":{"__id__":155},"_level":5,"_components":[{"__type__":"cc.Sprite","node":{"__id__":156},"_spriteFrame":{"__uuid__":"09CZQyRz5AJ4k/jxfdveQi"}}],"_opacity":0,"_contentSize":{"__type__":"cc.Size","width":93,"height":93},"_scale":{"__type__":"cc.Vec3","x":1,"y":1,"z":1}},{"__type__":"cc.Node","_name":"logo","_parent":{"__id__":155},"_level":5,"_components":[{"__type__":"cc.Sprite","node":{"__id__":157},"_spriteFrame":{"__uuid__":"dbfUgJ79FClIw4BEdHrR1t"}}],"_contentSize":{"__type__":"cc.Size","width":69,"height":69},"_scale":{"__type__":"cc.Vec3","x":1,"y":1,"z":1}},{"__type__":"cc.Node","_name":"stop","_parent":{"__id__":155},"_level":5,"_components":[{"__type__":"cc.Sprite","node":{"__id__":158},"_spriteFrame":{"__uuid__":"11iwiSU8NE1ZBbYxDLXAf4"}}],"_opacity":0,"_contentSize":{"__type__":"cc.Size","width":103,"height":103},"_scale":{"__type__":"cc.Vec3","x":1,"y":1,"z":1}},{"__type__":"cc.Node","_name":"car","_parent":{"__id__":78},"_children":[{"__id__":160},{"__id__":161},{"__id__":162}],"_level":5,"_components":[{"__type__":"cc.Animation","node":{"__id__":159},"_clips":[{"__uuid__":"1a0hhhN7RG/5OjnfY1CT+U"},{"__uuid__":"48c9tuuUdGOYpeihoDpxhU"}]}],"_position":{"__type__":"cc.Vec3","x":-65,"y":-245},"_scale":{"__type__":"cc.Vec3","x":1,"y":1,"z":1}},{"__type__":"cc.Node","_name":"bg","_parent":{"__id__":159},"_level":5,"_components":[{"__type__":"cc.Sprite","node":{"__id__":160},"_spriteFrame":{"__uuid__":"4a/huFisZO2bT62HIA4h66"}}],"_opacity":0,"_contentSize":{"__type__":"cc.Size","width":97,"height":97},"_scale":{"__type__":"cc.Vec3","x":1,"y":1,"z":1}},{"__type__":"cc.Node","_name":"logo","_parent":{"__id__":159},"_level":5,"_components":[{"__type__":"cc.Sprite","node":{"__id__":161},"_spriteFrame":{"__uuid__":"5ab4c1+EdJxoMSiJRd1aKl"}}],"_contentSize":{"__type__":"cc.Size","width":69,"height":69},"_scale":{"__type__":"cc.Vec3","x":1,"y":1,"z":1}},{"__type__":"cc.Node","_name":"stop","_parent":{"__id__":159},"_level":5,"_components":[{"__type__":"cc.Sprite","node":{"__id__":162},"_spriteFrame":{"__uuid__":"e5E3Y2UQ1EiLU7T7IHeKYl"}}],"_opacity":0,"_contentSize":{"__type__":"cc.Size","width":128,"height":128},"_scale":{"__type__":"cc.Vec3","x":1,"y":1,"z":1}},{"__type__":"cc.Node","_name":"car","_parent":{"__id__":78},"_children":[{"__id__":164},{"__id__":165},{"__id__":166}],"_level":5,"_components":[{"__type__":"cc.Animation","node":{"__id__":163},"_clips":[{"__uuid__":"1a0hhhN7RG/5OjnfY1CT+U"},{"__uuid__":"48c9tuuUdGOYpeihoDpxhU"}]}],"_position":{"__type__":"cc.Vec3","x":-145,"y":-245},"_scale":{"__type__":"cc.Vec3","x":1,"y":1,"z":1}},{"__type__":"cc.Node","_name":"bg","_parent":{"__id__":163},"_level":5,"_components":[{"__type__":"cc.Sprite","node":{"__id__":164},"_spriteFrame":{"__uuid__":"4a/huFisZO2bT62HIA4h66"}}],"_opacity":0,"_contentSize":{"__type__":"cc.Size","width":97,"height":97},"_scale":{"__type__":"cc.Vec3","x":1,"y":1,"z":1}},{"__type__":"cc.Node","_name":"logo","_parent":{"__id__":163},"_level":5,"_components":[{"__type__":"cc.Sprite","node":{"__id__":165},"_spriteFrame":{"__uuid__":"69zGlC45FMw4oQqdXx0ert"}}],"_contentSize":{"__type__":"cc.Size","width":69,"height":69},"_scale":{"__type__":"cc.Vec3","x":1,"y":1,"z":1}},{"__type__":"cc.Node","_name":"stop","_parent":{"__id__":163},"_level":5,"_components":[{"__type__":"cc.Sprite","node":{"__id__":166},"_spriteFrame":{"__uuid__":"e5E3Y2UQ1EiLU7T7IHeKYl"}}],"_opacity":0,"_contentSize":{"__type__":"cc.Size","width":128,"height":128},"_scale":{"__type__":"cc.Vec3","x":1,"y":1,"z":1}},{"__type__":"cc.Node","_name":"car","_parent":{"__id__":78},"_children":[{"__id__":168},{"__id__":169},{"__id__":170}],"_level":5,"_components":[{"__type__":"cc.Animation","node":{"__id__":167},"_clips":[{"__uuid__":"1a0hhhN7RG/5OjnfY1CT+U"},{"__uuid__":"48c9tuuUdGOYpeihoDpxhU"}]}],"_position":{"__type__":"cc.Vec3","x":-225,"y":-245},"_scale":{"__type__":"cc.Vec3","x":1,"y":1,"z":1}},{"__type__":"cc.Node","_name":"bg","_parent":{"__id__":167},"_level":5,"_components":[{"__type__":"cc.Sprite","node":{"__id__":168},"_spriteFrame":{"__uuid__":"4a/huFisZO2bT62HIA4h66"}}],"_opacity":0,"_contentSize":{"__type__":"cc.Size","width":97,"height":97},"_scale":{"__type__":"cc.Vec3","x":1,"y":1,"z":1}},{"__type__":"cc.Node","_name":"logo","_parent":{"__id__":167},"_level":5,"_components":[{"__type__":"cc.Sprite","node":{"__id__":169},"_spriteFrame":{"__uuid__":"f2U/G499BOd6HmfMvJwNjy"}}],"_contentSize":{"__type__":"cc.Size","width":69,"height":69},"_scale":{"__type__":"cc.Vec3","x":1,"y":1,"z":1}},{"__type__":"cc.Node","_name":"stop","_parent":{"__id__":167},"_level":5,"_components":[{"__type__":"cc.Sprite","node":{"__id__":170},"_spriteFrame":{"__uuid__":"e5E3Y2UQ1EiLU7T7IHeKYl"}}],"_opacity":0,"_contentSize":{"__type__":"cc.Size","width":128,"height":128},"_scale":{"__type__":"cc.Vec3","x":1,"y":1,"z":1}},{"__type__":"cc.Node","_name":"car","_parent":{"__id__":78},"_children":[{"__id__":172},{"__id__":173},{"__id__":174}],"_level":5,"_components":[{"__type__":"cc.Animation","node":{"__id__":171},"_clips":[{"__uuid__":"1a0hhhN7RG/5OjnfY1CT+U"},{"__uuid__":"48c9tuuUdGOYpeihoDpxhU"}]}],"_position":{"__type__":"cc.Vec3","x":-305,"y":-235},"_scale":{"__type__":"cc.Vec3","x":1,"y":1,"z":1}},{"__type__":"cc.Node","_name":"bg","_parent":{"__id__":171},"_level":5,"_components":[{"__type__":"cc.Sprite","node":{"__id__":172},"_spriteFrame":{"__uuid__":"4a/huFisZO2bT62HIA4h66"}}],"_opacity":0,"_contentSize":{"__type__":"cc.Size","width":97,"height":97},"_scale":{"__type__":"cc.Vec3","x":1,"y":1,"z":1}},{"__type__":"cc.Node","_name":"logo","_parent":{"__id__":171},"_level":5,"_components":[{"__type__":"cc.Sprite","node":{"__id__":173},"_spriteFrame":{"__uuid__":"6fauk0yI1F37iNu4/aF7xw"}}],"_contentSize":{"__type__":"cc.Size","width":69,"height":69},"_scale":{"__type__":"cc.Vec3","x":1,"y":1,"z":1}},{"__type__":"cc.Node","_name":"stop","_parent":{"__id__":171},"_level":5,"_components":[{"__type__":"cc.Sprite","node":{"__id__":174},"_spriteFrame":{"__uuid__":"e5E3Y2UQ1EiLU7T7IHeKYl"}}],"_opacity":0,"_contentSize":{"__type__":"cc.Size","width":128,"height":128},"_scale":{"__type__":"cc.Vec3","x":1,"y":1,"z":1}},{"__type__":"cc.Node","_name":"car","_parent":{"__id__":78},"_children":[{"__id__":176},{"__id__":177},{"__id__":178}],"_level":5,"_components":[{"__type__":"cc.Animation","node":{"__id__":175},"_clips":[{"__uuid__":"1a0hhhN7RG/5OjnfY1CT+U"},{"__uuid__":"48c9tuuUdGOYpeihoDpxhU"}]}],"_position":{"__type__":"cc.Vec3","x":-375,"y":-200},"_scale":{"__type__":"cc.Vec3","x":1,"y":1,"z":1}},{"__type__":"cc.Node","_name":"bg","_parent":{"__id__":175},"_level":5,"_components":[{"__type__":"cc.Sprite","node":{"__id__":176},"_spriteFrame":{"__uuid__":"09CZQyRz5AJ4k/jxfdveQi"}}],"_opacity":0,"_contentSize":{"__type__":"cc.Size","width":93,"height":93},"_scale":{"__type__":"cc.Vec3","x":1,"y":1,"z":1}},{"__type__":"cc.Node","_name":"logo","_parent":{"__id__":175},"_level":5,"_components":[{"__type__":"cc.Sprite","node":{"__id__":177},"_spriteFrame":{"__uuid__":"33XM+PpYtEg752qfNpxACg"}}],"_contentSize":{"__type__":"cc.Size","width":69,"height":69},"_scale":{"__type__":"cc.Vec3","x":1,"y":1,"z":1}},{"__type__":"cc.Node","_name":"stop","_parent":{"__id__":175},"_level":5,"_components":[{"__type__":"cc.Sprite","node":{"__id__":178},"_spriteFrame":{"__uuid__":"11iwiSU8NE1ZBbYxDLXAf4"}}],"_opacity":0,"_contentSize":{"__type__":"cc.Size","width":103,"height":103},"_scale":{"__type__":"cc.Vec3","x":1,"y":1,"z":1}},{"__type__":"cc.Node","_name":"car","_parent":{"__id__":78},"_children":[{"__id__":180},{"__id__":181},{"__id__":182}],"_level":5,"_components":[{"__type__":"cc.Animation","node":{"__id__":179},"_clips":[{"__uuid__":"1a0hhhN7RG/5OjnfY1CT+U"},{"__uuid__":"48c9tuuUdGOYpeihoDpxhU"}]}],"_position":{"__type__":"cc.Vec3","x":-435,"y":-140},"_scale":{"__type__":"cc.Vec3","x":1,"y":1,"z":1}},{"__type__":"cc.Node","_name":"bg","_parent":{"__id__":179},"_level":5,"_components":[{"__type__":"cc.Sprite","node":{"__id__":180},"_spriteFrame":{"__uuid__":"09CZQyRz5AJ4k/jxfdveQi"}}],"_opacity":0,"_contentSize":{"__type__":"cc.Size","width":93,"height":93},"_scale":{"__type__":"cc.Vec3","x":1,"y":1,"z":1}},{"__type__":"cc.Node","_name":"logo","_parent":{"__id__":179},"_level":5,"_components":[{"__type__":"cc.Sprite","node":{"__id__":181},"_spriteFrame":{"__uuid__":"2bhUI6L35Hy4F/2VCairHp"}}],"_contentSize":{"__type__":"cc.Size","width":69,"height":69},"_scale":{"__type__":"cc.Vec3","x":1,"y":1,"z":1}},{"__type__":"cc.Node","_name":"stop","_parent":{"__id__":179},"_level":5,"_components":[{"__type__":"cc.Sprite","node":{"__id__":182},"_spriteFrame":{"__uuid__":"11iwiSU8NE1ZBbYxDLXAf4"}}],"_opacity":0,"_contentSize":{"__type__":"cc.Size","width":103,"height":103},"_scale":{"__type__":"cc.Vec3","x":1,"y":1,"z":1}},{"__type__":"cc.Node","_name":"car","_parent":{"__id__":78},"_children":[{"__id__":184},{"__id__":185},{"__id__":186}],"_level":5,"_components":[{"__type__":"cc.Animation","node":{"__id__":183},"_clips":[{"__uuid__":"1a0hhhN7RG/5OjnfY1CT+U"},{"__uuid__":"48c9tuuUdGOYpeihoDpxhU"}]}],"_position":{"__type__":"cc.Vec3","x":-470,"y":-65},"_scale":{"__type__":"cc.Vec3","x":1,"y":1,"z":1}},{"__type__":"cc.Node","_name":"bg","_parent":{"__id__":183},"_level":5,"_components":[{"__type__":"cc.Sprite","node":{"__id__":184},"_spriteFrame":{"__uuid__":"09CZQyRz5AJ4k/jxfdveQi"}}],"_opacity":0,"_contentSize":{"__type__":"cc.Size","width":93,"height":93},"_scale":{"__type__":"cc.Vec3","x":1,"y":1,"z":1}},{"__type__":"cc.Node","_name":"logo","_parent":{"__id__":183},"_level":5,"_components":[{"__type__":"cc.Sprite","node":{"__id__":185},"_spriteFrame":{"__uuid__":"efes1bR4RL6KEE3rqriSpP"}}],"_contentSize":{"__type__":"cc.Size","width":69,"height":69},"_scale":{"__type__":"cc.Vec3","x":1,"y":1,"z":1}},{"__type__":"cc.Node","_name":"stop","_parent":{"__id__":183},"_level":5,"_components":[{"__type__":"cc.Sprite","node":{"__id__":186},"_spriteFrame":{"__uuid__":"11iwiSU8NE1ZBbYxDLXAf4"}}],"_opacity":0,"_contentSize":{"__type__":"cc.Size","width":103,"height":103},"_scale":{"__type__":"cc.Vec3","x":1,"y":1,"z":1}},{"__type__":"cc.Node","_name":"car","_parent":{"__id__":78},"_children":[{"__id__":188},{"__id__":189},{"__id__":190}],"_level":5,"_components":[{"__type__":"cc.Animation","node":{"__id__":187},"_clips":[{"__uuid__":"1a0hhhN7RG/5OjnfY1CT+U"},{"__uuid__":"48c9tuuUdGOYpeihoDpxhU"}]}],"_position":{"__type__":"cc.Vec3","x":-480,"y":15},"_scale":{"__type__":"cc.Vec3","x":1,"y":1,"z":1}},{"__type__":"cc.Node","_name":"bg","_parent":{"__id__":187},"_level":5,"_components":[{"__type__":"cc.Sprite","node":{"__id__":188},"_spriteFrame":{"__uuid__":"09CZQyRz5AJ4k/jxfdveQi"}}],"_opacity":0,"_contentSize":{"__type__":"cc.Size","width":93,"height":93},"_scale":{"__type__":"cc.Vec3","x":1,"y":1,"z":1}},{"__type__":"cc.Node","_name":"logo","_parent":{"__id__":187},"_level":5,"_components":[{"__type__":"cc.Sprite","node":{"__id__":189},"_spriteFrame":{"__uuid__":"dbfUgJ79FClIw4BEdHrR1t"}}],"_contentSize":{"__type__":"cc.Size","width":69,"height":69},"_scale":{"__type__":"cc.Vec3","x":1,"y":1,"z":1}},{"__type__":"cc.Node","_name":"stop","_parent":{"__id__":187},"_level":5,"_components":[{"__type__":"cc.Sprite","node":{"__id__":190},"_spriteFrame":{"__uuid__":"11iwiSU8NE1ZBbYxDLXAf4"}}],"_opacity":0,"_contentSize":{"__type__":"cc.Size","width":103,"height":103},"_scale":{"__type__":"cc.Vec3","x":1,"y":1,"z":1}},{"__type__":"cc.Node","_name":"car","_parent":{"__id__":78},"_children":[{"__id__":192},{"__id__":193},{"__id__":194}],"_level":5,"_components":[{"__type__":"cc.Animation","node":{"__id__":191},"_clips":[{"__uuid__":"1a0hhhN7RG/5OjnfY1CT+U"},{"__uuid__":"48c9tuuUdGOYpeihoDpxhU"}]}],"_position":{"__type__":"cc.Vec3","x":-470,"y":95},"_scale":{"__type__":"cc.Vec3","x":1,"y":1,"z":1}},{"__type__":"cc.Node","_name":"bg","_parent":{"__id__":191},"_level":5,"_components":[{"__type__":"cc.Sprite","node":{"__id__":192},"_spriteFrame":{"__uuid__":"4a/huFisZO2bT62HIA4h66"}}],"_opacity":0,"_contentSize":{"__type__":"cc.Size","width":97,"height":97},"_scale":{"__type__":"cc.Vec3","x":1,"y":1,"z":1}},{"__type__":"cc.Node","_name":"logo","_parent":{"__id__":191},"_level":5,"_components":[{"__type__":"cc.Sprite","node":{"__id__":193},"_spriteFrame":{"__uuid__":"5ab4c1+EdJxoMSiJRd1aKl"}}],"_contentSize":{"__type__":"cc.Size","width":69,"height":69},"_scale":{"__type__":"cc.Vec3","x":1,"y":1,"z":1}},{"__type__":"cc.Node","_name":"stop","_parent":{"__id__":191},"_level":5,"_components":[{"__type__":"cc.Sprite","node":{"__id__":194},"_spriteFrame":{"__uuid__":"e5E3Y2UQ1EiLU7T7IHeKYl"}}],"_opacity":0,"_contentSize":{"__type__":"cc.Size","width":128,"height":128},"_scale":{"__type__":"cc.Vec3","x":1,"y":1,"z":1}},{"__type__":"cc.Node","_name":"car","_parent":{"__id__":78},"_children":[{"__id__":196},{"__id__":197},{"__id__":198}],"_level":5,"_components":[{"__type__":"cc.Animation","node":{"__id__":195},"_clips":[{"__uuid__":"1a0hhhN7RG/5OjnfY1CT+U"},{"__uuid__":"48c9tuuUdGOYpeihoDpxhU"}]}],"_position":{"__type__":"cc.Vec3","x":-430,"y":165},"_scale":{"__type__":"cc.Vec3","x":1,"y":1,"z":1}},{"__type__":"cc.Node","_name":"bg","_parent":{"__id__":195},"_level":5,"_components":[{"__type__":"cc.Sprite","node":{"__id__":196},"_spriteFrame":{"__uuid__":"4a/huFisZO2bT62HIA4h66"}}],"_opacity":0,"_contentSize":{"__type__":"cc.Size","width":97,"height":97},"_scale":{"__type__":"cc.Vec3","x":1,"y":1,"z":1}},{"__type__":"cc.Node","_name":"logo","_parent":{"__id__":195},"_level":5,"_components":[{"__type__":"cc.Sprite","node":{"__id__":197},"_spriteFrame":{"__uuid__":"69zGlC45FMw4oQqdXx0ert"}}],"_contentSize":{"__type__":"cc.Size","width":69,"height":69},"_scale":{"__type__":"cc.Vec3","x":1,"y":1,"z":1}},{"__type__":"cc.Node","_name":"stop","_parent":{"__id__":195},"_level":5,"_components":[{"__type__":"cc.Sprite","node":{"__id__":198},"_spriteFrame":{"__uuid__":"e5E3Y2UQ1EiLU7T7IHeKYl"}}],"_opacity":0,"_contentSize":{"__type__":"cc.Size","width":128,"height":128},"_scale":{"__type__":"cc.Vec3","x":1,"y":1,"z":1}},{"__type__":"cc.Node","_name":"car","_parent":{"__id__":78},"_children":[{"__id__":200},{"__id__":201},{"__id__":202}],"_level":5,"_components":[{"__type__":"cc.Animation","node":{"__id__":199},"_clips":[{"__uuid__":"1a0hhhN7RG/5OjnfY1CT+U"},{"__uuid__":"48c9tuuUdGOYpeihoDpxhU"}]}],"_position":{"__type__":"cc.Vec3","x":-375,"y":225},"_scale":{"__type__":"cc.Vec3","x":1,"y":1,"z":1}},{"__type__":"cc.Node","_name":"bg","_parent":{"__id__":199},"_level":5,"_components":[{"__type__":"cc.Sprite","node":{"__id__":200},"_spriteFrame":{"__uuid__":"4a/huFisZO2bT62HIA4h66"}}],"_opacity":0,"_contentSize":{"__type__":"cc.Size","width":97,"height":97},"_scale":{"__type__":"cc.Vec3","x":1,"y":1,"z":1}},{"__type__":"cc.Node","_name":"logo","_parent":{"__id__":199},"_level":5,"_components":[{"__type__":"cc.Sprite","node":{"__id__":201},"_spriteFrame":{"__uuid__":"f2U/G499BOd6HmfMvJwNjy"}}],"_contentSize":{"__type__":"cc.Size","width":69,"height":69},"_scale":{"__type__":"cc.Vec3","x":1,"y":1,"z":1}},{"__type__":"cc.Node","_name":"stop","_parent":{"__id__":199},"_level":5,"_components":[{"__type__":"cc.Sprite","node":{"__id__":202},"_spriteFrame":{"__uuid__":"e5E3Y2UQ1EiLU7T7IHeKYl"}}],"_opacity":0,"_contentSize":{"__type__":"cc.Size","width":128,"height":128},"_scale":{"__type__":"cc.Vec3","x":1,"y":1,"z":1}},{"__type__":"cc.Node","_name":"car","_parent":{"__id__":78},"_children":[{"__id__":204},{"__id__":205},{"__id__":206}],"_level":5,"_components":[{"__type__":"cc.Animation","node":{"__id__":203},"_clips":[{"__uuid__":"1a0hhhN7RG/5OjnfY1CT+U"},{"__uuid__":"48c9tuuUdGOYpeihoDpxhU"}]}],"_position":{"__type__":"cc.Vec3","x":-305,"y":255},"_scale":{"__type__":"cc.Vec3","x":1,"y":1,"z":1}},{"__type__":"cc.Node","_name":"bg","_parent":{"__id__":203},"_level":5,"_components":[{"__type__":"cc.Sprite","node":{"__id__":204},"_spriteFrame":{"__uuid__":"4a/huFisZO2bT62HIA4h66"}}],"_opacity":0,"_contentSize":{"__type__":"cc.Size","width":97,"height":97},"_scale":{"__type__":"cc.Vec3","x":1,"y":1,"z":1}},{"__type__":"cc.Node","_name":"logo","_parent":{"__id__":203},"_level":5,"_components":[{"__type__":"cc.Sprite","node":{"__id__":205},"_spriteFrame":{"__uuid__":"6fauk0yI1F37iNu4/aF7xw"}}],"_contentSize":{"__type__":"cc.Size","width":69,"height":69},"_scale":{"__type__":"cc.Vec3","x":1,"y":1,"z":1}},{"__type__":"cc.Node","_name":"stop","_parent":{"__id__":203},"_level":5,"_components":[{"__type__":"cc.Sprite","node":{"__id__":206},"_spriteFrame":{"__uuid__":"e5E3Y2UQ1EiLU7T7IHeKYl"}}],"_opacity":0,"_contentSize":{"__type__":"cc.Size","width":128,"height":128},"_scale":{"__type__":"cc.Vec3","x":1,"y":1,"z":1}},{"__type__":"cc.Node","_name":"total","_parent":{"__id__":16},"_children":[{"__id__":208}],"_level":4,"_components":[{"__type__":"cc.Sprite","node":{"__id__":207},"_spriteFrame":{"__uuid__":"a97tll9RxMgrOaiTDYcRk6"},"_sizeMode":0}],"_contentSize":{"__type__":"cc.Size","width":380,"height":32},"_position":{"__type__":"cc.Vec3","x":20,"y":210},"_scale":{"__type__":"cc.Vec3","x":1,"y":1,"z":1}},{"__type__":"cc.Node","_name":"coin_icon","_parent":{"__id__":207},"_level":5,"_components":[{"__type__":"cc.Sprite","node":{"__id__":208},"_spriteFrame":{"__uuid__":"c5RnNk7tNIUp+ZC5wmZOuU"}}],"_contentSize":{"__type__":"cc.Size","width":27,"height":34},"_position":{"__type__":"cc.Vec3","x":-170},"_scale":{"__type__":"cc.Vec3","x":1,"y":1,"z":1}},{"__type__":"cc.Node","_name":"right","_parent":{"__id__":7},"_children":[{"__id__":210},{"__id__":211},{"__id__":212}],"_level":3,"_components":[{"__type__":"cc.Widget","node":{"__id__":209},"_alignFlags":32,"_right":40,"_top":40}],"_position":{"__type__":"cc.Vec3","x":600},"_scale":{"__type__":"cc.Vec3","x":1,"y":1,"z":1}},{"__type__":"cc.Node","_name":"btn_bxx","_parent":{"__id__":209},"_level":4,"_components":[{"__type__":"cc.Sprite","node":{"__id__":210},"_spriteFrame":{"__uuid__":"a8eX9s7j9Ms65lHyevd9YY"}},{"__type__":"cc.Button","node":{"__id__":210},"clickEvents":[{"__type__":"cc.ClickEvent","target":{"__id__":2},"_componentId":"dd90b9S4RZNTZYFeajWlOZu","handler":"Zhuang2WinArea"}],"_N$transition":3,"transition":3}],"_contentSize":{"__type__":"cc.Size","width":80,"height":82},"_position":{"__type__":"cc.Vec3","y":280},"_scale":{"__type__":"cc.Vec3","x":1,"y":1,"z":1}},{"__type__":"cc.Node","_name":"btn_setting","_parent":{"__id__":209},"_level":4,"_components":[{"__type__":"cc.Sprite","node":{"__id__":211},"_spriteFrame":{"__uuid__":"basxXqbHRAe7hmY3CzxUB2"}},{"__type__":"cc.Button","node":{"__id__":211},"clickEvents":[{"__type__":"cc.ClickEvent","target":{"__id__":2},"_componentId":"dd90b9S4RZNTZYFeajWlOZu","handler":"onSet"}],"_N$transition":3,"transition":3}],"_contentSize":{"__type__":"cc.Size","width":80,"height":83},"_position":{"__type__":"cc.Vec3","y":200},"_scale":{"__type__":"cc.Vec3","x":1,"y":1,"z":1}},{"__type__":"cc.Node","_name":"btn_help","_parent":{"__id__":209},"_level":4,"_components":[{"__type__":"cc.Sprite","node":{"__id__":212},"_spriteFrame":{"__uuid__":"44jYyxxvdJGLFj2izoPci4"}},{"__type__":"cc.Button","node":{"__id__":212},"clickEvents":[{"__type__":"cc.ClickEvent","target":{"__id__":2},"_componentId":"dd90b9S4RZNTZYFeajWlOZu","handler":"onTurn"}],"_N$transition":3,"transition":3}],"_contentSize":{"__type__":"cc.Size","width":80,"height":82},"_position":{"__type__":"cc.Vec3","y":120},"_scale":{"__type__":"cc.Vec3","x":1,"y":1,"z":1}},{"__type__":"cc.Node","_name":"footer","_parent":{"__id__":5},"_children":[{"__id__":214}],"_level":2,"_components":[{"__type__":"cc.Widget","node":{"__id__":213},"_alignFlags":4}],"_contentSize":{"__type__":"cc.Size","width":1280,"height":80},"_position":{"__type__":"cc.Vec3","y":-320},"_scale":{"__type__":"cc.Vec3","x":1,"y":1,"z":1}},{"__type__":"cc.Node","_name":"bg_bottom","_parent":{"__id__":213},"_children":[{"__id__":215},{"__id__":224},{"__id__":230}],"_level":3,"_components":[{"__type__":"cc.Sprite","node":{"__id__":214},"_spriteFrame":{"__uuid__":"26wRNsAHtLPLtDOzwM3Oh7"},"_sizeMode":0}],"_contentSize":{"__type__":"cc.Size","width":1280,"height":90},"_scale":{"__type__":"cc.Vec3","x":1,"y":1,"z":1}},{"__type__":"cc.Node","_name":"left","_parent":{"__id__":214},"_children":[{"__id__":216}],"_level":4,"_components":[{"__type__":"cc.Widget","node":{"__id__":215},"_alignFlags":12,"_left":10,"_bottom":10}],"_contentSize":{"__type__":"cc.Size","width":200,"height":80},"_position":{"__type__":"cc.Vec3","x":-530,"y":5},"_scale":{"__type__":"cc.Vec3","x":1,"y":1,"z":1}},{"__type__":"cc.Node","_name":"userinfo","_parent":{"__id__":215},"_children":[{"__id__":217},{"__id__":220},{"__id__":221}],"_level":5,"_scale":{"__type__":"cc.Vec3","x":1,"y":1,"z":1}},{"__type__":"cc.Node","_name":"avatar_bg","_parent":{"__id__":216},"_children":[{"__id__":218},{"__id__":219}],"_level":6,"_components":[{"__type__":"cc.Sprite","node":{"__id__":217},"_spriteFrame":{"__uuid__":"98ygye2c1GSo+LZi9sIWtr"}},{"__type__":"cc.Animation","node":{"__id__":217},"_defaultClip":{"__uuid__":"10plJNwlxCxYOD3sHDdp1j"},"_clips":[{"__uuid__":"10plJNwlxCxYOD3sHDdp1j"}]}],"_contentSize":{"__type__":"cc.Size","width":80,"height":80},"_position":{"__type__":"cc.Vec3","x":-50},"_scale":{"__type__":"cc.Vec3","x":1,"y":1,"z":1}},{"__type__":"cc.Node","_name":"default_female","_parent":{"__id__":217},"_level":7,"_components":[{"__type__":"cc.Sprite","node":{"__id__":218},"_spriteFrame":{"__uuid__":"dbBQ68VahKb6nljHGN2wnc"}}],"_contentSize":{"__type__":"cc.Size","width":80,"height":80},"_scale":{"__type__":"cc.Vec3","x":1,"y":1,"z":1}},{"__type__":"cc.Node","_name":"winLabel","_parent":{"__id__":217},"_active":false,"_level":7,"_components":[{"__type__":"cc.Label","node":{"__id__":219},"_useOriginalSize":false,"_string":"+100","_N$string":"+100","_N$file":{"__uuid__":"e729xbaRlFnpcUVk8yJkUp"},"_isSystemFontUsed":false,"_N$horizontalAlign":1,"_N$verticalAlign":1}],"_contentSize":{"__type__":"cc.Size","width":104,"height":40},"_position":{"__type__":"cc.Vec3","y":80},"_scale":{"__type__":"cc.Vec3","x":1,"y":1,"z":1}},{"__type__":"cc.Node","_name":"username","_parent":{"__id__":216},"_level":6,"_components":[{"__type__":"cc.Label","node":{"__id__":220},"_useOriginalSize":false,"_string":"大师兄","_N$string":"大师兄","_fontSize":24,"_N$verticalAlign":1}],"_contentSize":{"__type__":"cc.Size","width":72,"height":40},"_position":{"__type__":"cc.Vec3","x":50,"y":10},"_scale":{"__type__":"cc.Vec3","x":1,"y":1,"z":1}},{"__type__":"cc.Node","_name":"bg_currency","_parent":{"__id__":216},"_children":[{"__id__":222},{"__id__":223}],"_level":6,"_components":[{"__type__":"cc.Sprite","node":{"__id__":221},"_spriteFrame":{"__uuid__":"ee+mqlNdRHbq34bndYt7IE"}}],"_contentSize":{"__type__":"cc.Size","width":175,"height":43},"_position":{"__type__":"cc.Vec3","x":85,"y":-20},"_scale":{"__type__":"cc.Vec3","x":1,"y":0.8,"z":1}},{"__type__":"cc.Node","_name":"img_coin","_parent":{"__id__":221},"_level":7,"_components":[{"__type__":"cc.Sprite","node":{"__id__":222},"_spriteFrame":{"__uuid__":"ab3H89C9ZIIKiKOzvdfkp1"}}],"_contentSize":{"__type__":"cc.Size","width":48,"height":49},"_position":{"__type__":"cc.Vec3","x":-65},"_scale":{"__type__":"cc.Vec3","x":0.8,"y":0.8,"z":1}},{"__type__":"cc.Node","_name":"currency","_parent":{"__id__":221},"_level":7,"_components":[{"__type__":"cc.Label","node":{"__id__":223},"_useOriginalSize":false,"_string":"0.00","_N$string":"0.00","_fontSize":32,"_N$verticalAlign":1}],"_color":{"__type__":"cc.Color","r":238,"g":200,"b":13},"_contentSize":{"__type__":"cc.Size","width":62.28,"height":40},"_scale":{"__type__":"cc.Vec3","x":1,"y":1,"z":1}},{"__type__":"cc.Node","_name":"center","_parent":{"__id__":214},"_children":[{"__id__":225},{"__id__":226},{"__id__":227},{"__id__":228},{"__id__":229}],"_level":4,"_components":[{"__type__":"cc.Layout","node":{"__id__":224},"_layoutSize":{"__type__":"cc.Size","width":709,"height":100},"_resize":1,"_N$layoutType":1,"_N$spacingX":60},{"__type__":"cc.Widget","node":{"__id__":224},"_alignFlags":12,"_left":335.5,"_bottom":5}],"_contentSize":{"__type__":"cc.Size","width":709,"height":100},"_position":{"__type__":"cc.Vec3","x":50,"y":10},"_scale":{"__type__":"cc.Vec3","x":1,"y":1,"z":1}},{"__type__":"cc.Node","_name":"chip_1","_parent":{"__id__":224},"_level":5,"_components":[{"__type__":"cc.Sprite","node":{"__id__":225},"_spriteFrame":{"__uuid__":"916ZyMU7FDgYjujUrDzNAA"}},{"__type__":"cc.Button","node":{"__id__":225},"clickEvents":[{"__type__":"cc.ClickEvent","target":{"__id__":2},"_componentId":"dd90b9S4RZNTZYFeajWlOZu","handler":"onChipClick","customEventData":"1"}],"_N$transition":3,"transition":3,"_N$disabledColor":{"__type__":"cc.Color"}}],"_prefab":{"__type__":"cc.PrefabInfo","root":{"__id__":225},"asset":{"__uuid__":"10co32j19HdohC7WvJHnzu"},"fileId":"c1VjydeLVORYdJeLZKpG2z"},"_contentSize":{"__type__":"cc.Size","width":94,"height":97},"_position":{"__type__":"cc.Vec3","x":-307.5},"_scale":{"__type__":"cc.Vec3","x":1,"y":1,"z":1}},{"__type__":"cc.Node","_name":"chip_10","_parent":{"__id__":224},"_level":5,"_components":[{"__type__":"cc.Sprite","node":{"__id__":226},"_spriteFrame":{"__uuid__":"82vqJMyV5Mo6Q30W2MpJ1G"}},{"__type__":"cc.Button","node":{"__id__":226},"clickEvents":[{"__type__":"cc.ClickEvent","target":{"__id__":2},"_componentId":"dd90b9S4RZNTZYFeajWlOZu","handler":"onChipClick","customEventData":"10"}],"_N$transition":3,"transition":3}],"_prefab":{"__type__":"cc.PrefabInfo","root":{"__id__":226},"asset":{"__uuid__":"5d0nJeaZtLtIS+EI0RZjdR"},"fileId":"e38Ihr16hFQbjiN/Rqi4G4"},"_contentSize":{"__type__":"cc.Size","width":94,"height":97},"_position":{"__type__":"cc.Vec3","x":-153.5},"_scale":{"__type__":"cc.Vec3","x":1,"y":1,"z":1}},{"__type__":"cc.Node","_name":"chip_50","_parent":{"__id__":224},"_level":5,"_components":[{"__type__":"cc.Sprite","node":{"__id__":227},"_spriteFrame":{"__uuid__":"7dpD/xgdlMHJYSX8Bd7PC0"}},{"__type__":"cc.Button","node":{"__id__":227},"clickEvents":[{"__type__":"cc.ClickEvent","target":{"__id__":2},"_componentId":"dd90b9S4RZNTZYFeajWlOZu","handler":"onChipClick","customEventData":"50"}],"_N$transition":3,"transition":3}],"_prefab":{"__type__":"cc.PrefabInfo","root":{"__id__":227},"asset":{"__uuid__":"05OMLWKB1OLpK2SVAvbxhw"},"fileId":"a3i37vyeNFX5EjMFWZ9Rlo"},"_contentSize":{"__type__":"cc.Size","width":94,"height":96},"_position":{"__type__":"cc.Vec3","x":0.5},"_scale":{"__type__":"cc.Vec3","x":1,"y":1,"z":1}},{"__type__":"cc.Node","_name":"chip_100","_parent":{"__id__":224},"_level":5,"_components":[{"__type__":"cc.Sprite","node":{"__id__":228},"_spriteFrame":{"__uuid__":"c0tdzlY6BE9a1+4PkoVo3d"}},{"__type__":"cc.Button","node":{"__id__":228},"clickEvents":[{"__type__":"cc.ClickEvent","target":{"__id__":2},"_componentId":"dd90b9S4RZNTZYFeajWlOZu","handler":"onChipClick","customEventData":"100"}],"_N$transition":3,"transition":3}],"_prefab":{"__type__":"cc.PrefabInfo","root":{"__id__":228},"asset":{"__uuid__":"3akhRCYGVObbXjV6nqt4aZ"},"fileId":"356bSk9YhLOKcgskmRwq8/"},"_contentSize":{"__type__":"cc.Size","width":93,"height":97},"_position":{"__type__":"cc.Vec3","x":154},"_scale":{"__type__":"cc.Vec3","x":1,"y":1,"z":1}},{"__type__":"cc.Node","_name":"chip_300","_parent":{"__id__":224},"_level":5,"_components":[{"__type__":"cc.Sprite","node":{"__id__":229},"_spriteFrame":{"__uuid__":"cdPvNxJzxJXZAXUZx8bwRb"}},{"__type__":"cc.Button","node":{"__id__":229},"clickEvents":[{"__type__":"cc.ClickEvent","target":{"__id__":2},"_componentId":"dd90b9S4RZNTZYFeajWlOZu","handler":"onChipClick","customEventData":"300"}],"_N$transition":3,"transition":3}],"_prefab":{"__type__":"cc.PrefabInfo","root":{"__id__":229},"asset":{"__uuid__":"4azN5KML1G6rurdc3A1ccA"},"fileId":"fd7Zy6ahxKzoCUcvKc3nos"},"_contentSize":{"__type__":"cc.Size","width":94,"height":96},"_position":{"__type__":"cc.Vec3","x":307.5},"_scale":{"__type__":"cc.Vec3","x":1,"y":1,"z":1}},{"__type__":"cc.Node","_name":"right","_parent":{"__id__":214},"_children":[{"__id__":231}],"_level":4,"_components":[{"__type__":"cc.Widget","node":{"__id__":230},"_alignFlags":36,"_right":20,"_bottom":10}],"_contentSize":{"__type__":"cc.Size","width":103,"height":110},"_position":{"__type__":"cc.Vec3","x":568.5,"y":20},"_scale":{"__type__":"cc.Vec3","x":1,"y":1,"z":1}},{"__type__":"cc.Node","_name":"players","_parent":{"__id__":230},"_level":5,"_components":[{"__type__":"cc.Sprite","node":{"__id__":231},"_spriteFrame":{"__uuid__":"68bjeWtodEArnCfZRXY3At"}},{"__type__":"cc.Button","node":{"__id__":231},"clickEvents":[{"__type__":"cc.ClickEvent","target":{"__id__":2},"_componentId":"dd90b9S4RZNTZYFeajWlOZu","handler":"onPlayersClick"}],"_N$transition":3,"transition":3}],"_contentSize":{"__type__":"cc.Size","width":103,"height":110},"_scale":{"__type__":"cc.Vec3","x":1,"y":1,"z":1}},{"__type__":"cc.Node","_name":"tip","_parent":{"__id__":5},"_children":[{"__id__":233},{"__id__":238}],"_level":2,"_scale":{"__type__":"cc.Vec3","x":1,"y":1,"z":1}},{"__type__":"cc.Node","_name":"start","_parent":{"__id__":232},"_children":[{"__id__":234},{"__id__":235},{"__id__":236},{"__id__":237}],"_active":false,"_level":3,"_components":[{"__type__":"cc.Animation","node":{"__id__":233},"_defaultClip":{"__uuid__":"3266PF2TlIfK3kY9YB+0mz"},"_clips":[{"__uuid__":"3266PF2TlIfK3kY9YB+0mz"}]}],"_scale":{"__type__":"cc.Vec3","x":1,"y":1,"z":1}},{"__type__":"cc.Node","_name":"bg","_parent":{"__id__":233},"_level":4,"_components":[{"__type__":"cc.Sprite","node":{"__id__":234},"_spriteFrame":{"__uuid__":"e4wWPUIyhL2YC087tCjb8p"},"_sizeMode":0}],"_contentSize":{"__type__":"cc.Size","width":960,"height":216},"_scale":{"__type__":"cc.Vec3","x":1,"y":1,"z":1}},{"__type__":"cc.Node","_name":"info","_parent":{"__id__":233},"_level":4,"_components":[{"__type__":"cc.Sprite","node":{"__id__":235},"_spriteFrame":{"__uuid__":"8587FpDm9EJ4JaUVck+uwY"}}],"_contentSize":{"__type__":"cc.Size","width":538,"height":128},"_scale":{"__type__":"cc.Vec3","x":1,"y":1,"z":1}},{"__type__":"cc.Node","_name":"guang1","_parent":{"__id__":233},"_level":4,"_components":[{"__type__":"cc.Sprite","node":{"__id__":236},"_spriteFrame":{"__uuid__":"fey3lQmAxIoJeA2IYFBIu2"}}],"_contentSize":{"__type__":"cc.Size","width":184,"height":148},"_position":{"__type__":"cc.Vec3","y":108},"_scale":{"__type__":"cc.Vec3","x":1,"y":1,"z":1}},{"__type__":"cc.Node","_name":"guang2","_parent":{"__id__":233},"_level":4,"_components":[{"__type__":"cc.Sprite","node":{"__id__":237},"_spriteFrame":{"__uuid__":"fey3lQmAxIoJeA2IYFBIu2"}}],"_contentSize":{"__type__":"cc.Size","width":184,"height":148},"_position":{"__type__":"cc.Vec3","y":-108},"_scale":{"__type__":"cc.Vec3","x":1,"y":1,"z":1},"_rotationX":-180,"_rotationY":-180,"_quat":{"__type__":"cc.Quat","z":1,"w":6.123233995736766e-17}},{"__type__":"cc.Node","_name":"stop","_parent":{"__id__":232},"_children":[{"__id__":239},{"__id__":240},{"__id__":241},{"__id__":242}],"_active":false,"_level":3,"_components":[{"__type__":"cc.Animation","node":{"__id__":238},"_defaultClip":{"__uuid__":"86eguotbZDL4zWQgINcCxu"},"_clips":[{"__uuid__":"86eguotbZDL4zWQgINcCxu"}]}],"_scale":{"__type__":"cc.Vec3","x":1,"y":1,"z":1}},{"__type__":"cc.Node","_name":"bg","_parent":{"__id__":238},"_level":4,"_components":[{"__type__":"cc.Sprite","node":{"__id__":239},"_spriteFrame":{"__uuid__":"e4wWPUIyhL2YC087tCjb8p"},"_sizeMode":0}],"_contentSize":{"__type__":"cc.Size","width":960,"height":216},"_scale":{"__type__":"cc.Vec3","x":1,"y":1,"z":1}},{"__type__":"cc.Node","_name":"info","_parent":{"__id__":238},"_level":4,"_components":[{"__type__":"cc.Sprite","node":{"__id__":240},"_spriteFrame":{"__uuid__":"c3MFBUfS5FEKgZzNSm/HX/"}}],"_contentSize":{"__type__":"cc.Size","width":536,"height":128},"_scale":{"__type__":"cc.Vec3","x":1,"y":1,"z":1}},{"__type__":"cc.Node","_name":"guang1","_parent":{"__id__":238},"_level":4,"_components":[{"__type__":"cc.Sprite","node":{"__id__":241},"_spriteFrame":{"__uuid__":"fey3lQmAxIoJeA2IYFBIu2"}}],"_contentSize":{"__type__":"cc.Size","width":184,"height":148},"_position":{"__type__":"cc.Vec3","y":108},"_scale":{"__type__":"cc.Vec3","x":1,"y":1,"z":1}},{"__type__":"cc.Node","_name":"guang2","_parent":{"__id__":238},"_level":4,"_components":[{"__type__":"cc.Sprite","node":{"__id__":242},"_spriteFrame":{"__uuid__":"fey3lQmAxIoJeA2IYFBIu2"}}],"_contentSize":{"__type__":"cc.Size","width":184,"height":148},"_position":{"__type__":"cc.Vec3","y":-108},"_scale":{"__type__":"cc.Vec3","x":1,"y":1,"z":1},"_rotationX":-180,"_rotationY":-180,"_quat":{"__type__":"cc.Quat","z":1,"w":6.123233995736766e-17}}],{"__type__":"cc.SpriteFrame","content":{"name":"slice01_6","texture":"91PGu9txBD3oSHAAh2MP+Z","rect":[0,97,94,96],"offset":[0,0],"originalSize":[94,96],"capInsets":[0,0,0,0]}},{"__type__":"cc.SpriteFrame","content":{"name":"default_female","texture":"3626IOlaJDmIfwpd2wthb6","rect":[0,0,80,80],"offset":[0,0],"originalSize":[80,80],"capInsets":[0,0,0,0]}},{"__type__":"cc.SpriteFrame","content":{"name":"07","texture":"0cATrltK9G26DIsvq+nrf2","rect":[69,166,69,69],"offset":[0,0],"originalSize":[69,69],"capInsets":[0,0,0,0]}},{"__type__":"cc.SpriteFrame","content":{"name":"ditu_sc","texture":"1dXdBeHRBC563xLTpJe/iA","rect":[0,0,99,108],"offset":[0,0],"originalSize":[99,108],"capInsets":[0,0,0,0]}},{"__type__":"cc.SpriteFrame","content":{"name":"chengse_guang","texture":"2fviBJp8xPRLva7VYCJzcu","rect":[0,0,128,128],"offset":[0,0],"originalSize":[128,128],"capInsets":[0,0,0,0]}},{"__type__":"cc.SpriteFrame","content":{"name":"bg_records","texture":"884y1hr2hC35nzPUsdtyHX","rect":[0,0,73,526],"offset":[0,0],"originalSize":[73,526],"capInsets":[0,0,0,0]}},{"__type__":"cc.SpriteFrame","content":{"name":"bg_currency","texture":"e6fwKyBdpIsruf+qxhUmVR","rect":[0,0,175,43],"offset":[0,0],"originalSize":[175,43],"capInsets":[22,12,22,11]}},{"__type__":"cc.SpriteFrame","content":{"name":"06","texture":"0cATrltK9G26DIsvq+nrf2","rect":[0,166,69,69],"offset":[0,0],"originalSize":[69,69],"capInsets":[0,0,0,0]}},{"__type__":"cc.SpriteFrame","content":{"name":"03","texture":"0cATrltK9G26DIsvq+nrf2","rect":[0,97,69,69],"offset":[0,0],"originalSize":[69,69],"capInsets":[0,0,0,0]}},{"__type__":"cc.SpriteFrame","content":{"name":"08","texture":"c5oPdAKFNJXKP/Ym7F0qCp","rect":[145,0,63,64],"offset":[0,0],"originalSize":[63,64],"capInsets":[0,0,0,0]}},{"__type__":"cc.SpriteFrame","content":{"name":"guang1","texture":"fdhcD/OR1LVaxHRmpqapyk","rect":[15,15,184,148],"offset":[7,-5.5],"originalSize":[200,167],"capInsets":[0,0,0,0]}}]