[{"__type__":"cc.SpriteAtlas","_name":"Chip.plist","_spriteFrames":{"slice01_01":{"__uuid__":"916ZyMU7FDgYjujUrDzNAA"},"slice01_10":{"__uuid__":"82vqJMyV5Mo6Q30W2MpJ1G"},"slice01_100":{"__uuid__":"c0tdzlY6BE9a1+4PkoVo3d"},"slice01_50":{"__uuid__":"7dpD/xgdlMHJYSX8Bd7PC0"},"slice01_6":{"__uuid__":"cdPvNxJzxJXZAXUZx8bwRb"}}},{"__type__":"cc.SpriteFrame","content":{"name":"slice01_50","texture":"91PGu9txBD3oSHAAh2MP+Z","rect":[0,290,94,96],"offset":[0,0],"originalSize":[94,96],"capInsets":[0,0,0,0]}},{"__type__":"cc.SpriteFrame","content":{"name":"slice01_10","texture":"91PGu9txBD3oSHAAh2MP+Z","rect":[0,193,94,97],"offset":[0,0],"originalSize":[94,97],"capInsets":[0,0,0,0]}},{"__type__":"cc.SpriteFrame","content":{"name":"slice01_01","texture":"91PGu9txBD3oSHAAh2MP+Z","rect":[0,0,94,97],"offset":[0,0],"originalSize":[94,97],"capInsets":[0,0,0,0]}},{"__type__":"cc.SpriteFrame","content":{"name":"slice01_100","texture":"91PGu9txBD3oSHAAh2MP+Z","rect":[0,386,93,97],"offset":[0,0],"originalSize":[93,97],"capInsets":[0,0,0,0]}},{"__type__":"cc.SpriteFrame","content":{"name":"slice01_6","texture":"91PGu9txBD3oSHAAh2MP+Z","rect":[0,97,94,96],"offset":[0,0],"originalSize":[94,96],"capInsets":[0,0,0,0]}}]