{"__type__":"cc.AnimationClip","_name":"TipStart","_duration":1.5833333333333333,"curveData":{"paths":{"info":{"props":{"position":[{"frame":0.16666666666666666,"value":[-1000,0]},{"frame":0.3333333333333333,"value":[0,0]},{"frame":1.1666666666666667,"value":[0,0]},{"frame":1.25,"value":[-100,0]},{"frame":1.4166666666666667,"value":[1000,0]}]}},"bg":{"props":{"height":[{"frame":0,"value":0},{"frame":0.16666666666666666,"value":216},{"frame":1.4166666666666667,"value":216},{"frame":1.5833333333333333,"value":0}]}},"guang1":{"props":{"position":[{"frame":0.16666666666666666,"value":[-1000,108]},{"frame":0.5,"value":[1000,108]}]}},"guang2":{"props":{"position":[{"frame":0.16666666666666666,"value":[1000,-108]},{"frame":0.5,"value":[-1000,-108]}]}}}},"events":[{"frame":1.5833333333333333,"func":"betStart","params":[]}]}