[{"__type__":"cc.SpriteFrame","content":{"name":"title_mj_srsf","texture":"539AcBaNlI45AyDaQK4ym0","rect":[0,0,139,41],"offset":[0,0],"originalSize":[139,41],"capInsets":[0,0,0,0]}},{"__type__":"cc.SpriteFrame","content":{"name":"img_coin","texture":"82aj49x8JAA6P0BTQ5favU","rect":[0,0,48,49],"offset":[0,0],"originalSize":[48,49],"capInsets":[0,0,0,0]}},{"__type__":"cc.SpriteFrame","content":{"name":"btn_icon_zjh","texture":"b0HQpu1fdFqYxWyWNJuJ/5","rect":[0,0,122,45],"offset":[0,0],"originalSize":[122,45],"capInsets":[0,0,0,0]}},{"__type__":"cc.SpriteFrame","content":{"name":"btn_add","texture":"9buhngVhxKbZiqv+xh783U","rect":[0,0,48,48],"offset":[0,0],"originalSize":[48,48],"capInsets":[0,0,0,0]}},{"__type__":"cc.SpriteFrame","content":{"name":"btn_refresh","texture":"96eFCPl3pPUrbnYSHFto2S","rect":[0,0,74,74],"offset":[0,0],"originalSize":[74,74],"capInsets":[0,0,0,0]}},{"__type__":"cc.SpriteFrame","content":{"name":"select_mask","texture":"ffiEuKZalFRICzWsccGYjq","rect":[0,0,213,93],"offset":[0,0],"originalSize":[213,93],"capInsets":[0,0,0,0]}},{"__type__":"cc.SpriteFrame","content":{"name":"btn_icon_ttz","texture":"b9XKE37s9Fcr5UCj5Q4xxu","rect":[0,0,122,45],"offset":[0,0],"originalSize":[122,45],"capInsets":[0,0,0,0]}},{"__type__":"cc.SpriteFrame","content":{"name":"bg_select","texture":"741Z9dR7pOWbtO36XNS2E6","rect":[0,0,205,525],"offset":[0,0],"originalSize":[205,525],"capInsets":[0,0,0,0]}},{"__type__":"cc.SpriteFrame","content":{"name":"title_qhb_10_1","texture":"14NmLpCUlHqKVU4iBPSm7i","rect":[0,0,134,41],"offset":[0,0],"originalSize":[134,41],"capInsets":[0,0,0,0]}},{"__type__":"cc.SpriteFrame","content":{"name":"bg","texture":"f1VfW9QoFFjIgKyp+PBClW","rect":[1,0,1109,301],"offset":[0.5,0],"originalSize":[1110,301],"capInsets":[0,0,0,0]}},{"__type__":"cc.SpriteFrame","content":{"name":"state_hot","texture":"3aaFE5jl5MBYF6FcPkpoH6","rect":[0,0,73,71],"offset":[0,0],"originalSize":[73,71],"capInsets":[0,0,0,0]}},{"__type__":"cc.SpriteFrame","content":{"name":"btn_icon_birds","texture":"12wH4YBZxAJ5q9hs+S1SiC","rect":[0,0,162,45],"offset":[0,0],"originalSize":[162,45],"capInsets":[0,0,0,0]}},{"__type__":"cc.SpriteFrame","content":{"name":"bg_item","texture":"d4pbkMCTdERq8AAe11mBpE","rect":[0,0,306,132],"offset":[0,0],"originalSize":[306,132],"capInsets":[0,0,0,0]}},{"__type__":"cc.SpriteFrame","content":{"name":"title_mj_srlf","texture":"1dM41aSDlDc7YgGeJ/i96c","rect":[0,0,139,41],"offset":[0,0],"originalSize":[139,41],"capInsets":[0,0,0,0]}},{"__type__":"cc.SpriteFrame","content":{"name":"pipei_enter_bg","texture":"8a69SlD3FKAp8bY2kiPfWB","rect":[0,0,203,28],"offset":[0,0],"originalSize":[203,28],"capInsets":[0,0,0,0]}},{"__type__":"cc.SpriteFrame","content":{"name":"toggle_bg","texture":"03h2Y05BhI9byy5Ldnsi19","rect":[0,0,179,74],"offset":[0,0],"originalSize":[179,74],"capInsets":[0,0,0,0]}},{"__type__":"cc.SpriteFrame","content":{"name":"btn_rules","texture":"1dwqYnrXlNWrvpcVparEeq","rect":[0,0,74,74],"offset":[0,0],"originalSize":[74,74],"capInsets":[0,0,0,0]}},{"__type__":"cc.SpriteFrame","content":{"name":"title_mj_lrlf","texture":"9cGOKoJLhNmbxcTSDJnjwe","rect":[0,0,139,41],"offset":[0,0],"originalSize":[139,41],"capInsets":[0,0,0,0]}},{"__type__":"cc.SpriteFrame","content":{"name":"title_qhb_7_1_5","texture":"99ZG+uDMlAopmvg6l8QXah","rect":[0,0,151,41],"offset":[0,0],"originalSize":[151,41],"capInsets":[0,0,0,0]}},{"__type__":"cc.SpriteFrame","content":{"name":"bg_coin","texture":"24kybZJx9OXabLskfC9PXj","rect":[0,0,300,68],"offset":[0,0],"originalSize":[300,68],"capInsets":[0,0,0,0]}},{"__type__":"cc.SpriteFrame","content":{"name":"btn_icon_qhb","texture":"61nmw8nYlPHqSdG1AIdRO8","rect":[0,0,76,42],"offset":[0,0],"originalSize":[76,42],"capInsets":[0,0,0,0]}},{"__type__":"cc.SpriteFrame","content":{"name":"img_coin","texture":"1bYVugoC9EPrOiO71ZHa9X","rect":[0,0,48,49],"offset":[0,0],"originalSize":[48,49],"capInsets":[0,0,0,0]}},{"__type__":"cc.SpriteFrame","content":{"name":"btn_icon_benz","texture":"d0367ocA5JdLqag+JKcbD2","rect":[0,0,162,45],"offset":[0,0],"originalSize":[162,45],"capInsets":[0,0,0,0]}},{"__type__":"cc.SpriteFrame","content":{"name":"bg_roomlist","texture":"41PR/cIzJMH5x1f6ex+4GO","rect":[0,0,1630,750],"offset":[0,0],"originalSize":[1630,750],"capInsets":[0,0,0,0]}},{"__type__":"cc.SpriteFrame","content":{"name":"bg_back","texture":"309yRrDvVGsIifih5b+Qvh","rect":[0,0,196,107],"offset":[0,0],"originalSize":[196,107],"capInsets":[0,0,0,0]}},{"__type__":"cc.SpriteFrame","content":{"name":"state_good","texture":"55Gh0gYnJLaoMFzwYykcZ9","rect":[0,0,73,71],"offset":[0,0],"originalSize":[73,71],"capInsets":[0,0,0,0]}},{"__type__":"cc.SpriteFrame","content":{"name":"btn_icon_lhd","texture":"31U/53H6VHbr2octbeNVsB","rect":[0,0,123,45],"offset":[0,0],"originalSize":[123,45],"capInsets":[0,0,0,0]}},{"__type__":"cc.SpriteFrame","content":{"name":"btn_return","texture":"822lqdNt1HnKfJBKNdjMj3","rect":[0,0,58,63],"offset":[0,0],"originalSize":[58,63],"capInsets":[0,0,0,0]}},{"__type__":"cc.SpriteFrame","content":{"name":"img_coin","texture":"f9gVY2Y0lFOoLvgOfGK4ta","rect":[0,0,48,49],"offset":[0,0],"originalSize":[48,49],"capInsets":[0,0,0,0]}},{"__type__":"cc.SpriteFrame","content":{"name":"btn_icon_xzmj","texture":"edDIYGeMFHKJXropsL6yZU","rect":[0,0,148,42],"offset":[0,0],"originalSize":[148,42],"capInsets":[0,0,0,0]}},{"__type__":"cc.SpriteFrame","content":{"name":"title_lhd","texture":"73sr7shHFJaKdieqZBKxck","rect":[0,0,107,40],"offset":[0,0],"originalSize":[107,40],"capInsets":[0,0,0,0]}},[{"__type__":"cc.SceneAsset","_name":"RoomSelectScene","scene":{"__id__":1},"asyncLoadAssets":null},{"__type__":"cc.Scene","_name":"New Node","_children":[{"__id__":2}],"_anchorPoint":{"__type__":"cc.Vec2"},"_scale":{"__type__":"cc.Vec3","x":0.31820746527777777,"y":0.31820746527777777,"z":1},"autoReleaseAssets":false},{"__type__":"cc.Node","_name":"Canvas","_parent":{"__id__":1},"_children":[{"__id__":3},{"__id__":4},{"__id__":5}],"_components":[{"__type__":"cc.Canvas","node":{"__id__":2},"_designResolution":{"__type__":"cc.Size","width":1280,"height":720}},{"__type__":"39cd8S2+09OcZr7XNAPEgx+","node":{"__id__":2},"gameListNode":{"__id__":16},"roomListNode":{"__id__":41}}],"_contentSize":{"__type__":"cc.Size","width":1280,"height":720},"_position":{"__type__":"cc.Vec3","x":640,"y":360},"_scale":{"__type__":"cc.Vec3","x":1,"y":1,"z":1},"_id":"96AIkHFTZG4Jy5IPvJX1x1"},{"__type__":"cc.Node","_name":"Main Camera","_parent":{"__id__":2},"_level":1,"_components":[{"__type__":"cc.Camera","node":{"__id__":3},"_clearFlags":7,"_depth":-1}],"_scale":{"__type__":"cc.Vec3","x":1,"y":1,"z":1}},{"__type__":"cc.Node","_name":"bg","_parent":{"__id__":2},"_level":1,"_components":[{"__type__":"cc.Sprite","node":{"__id__":4},"_spriteFrame":{"__uuid__":"b1rEH7jbhHEKeyf4h0Om1G"}}],"_contentSize":{"__type__":"cc.Size","width":1630,"height":750},"_scale":{"__type__":"cc.Vec3","x":1,"y":1,"z":1}},{"__type__":"cc.Node","_name":"content","_parent":{"__id__":2},"_children":[{"__id__":6},{"__id__":13},{"__id__":166},{"__id__":168}],"_level":1,"_scale":{"__type__":"cc.Vec3","x":1,"y":1,"z":1}},{"__type__":"cc.Node","_name":"top","_parent":{"__id__":5},"_children":[{"__id__":7},{"__id__":9},{"__id__":12}],"_level":2,"_position":{"__type__":"cc.Vec3","y":310},"_scale":{"__type__":"cc.Vec3","x":1,"y":1,"z":1}},{"__type__":"cc.Node","_name":"bg_back","_parent":{"__id__":6},"_children":[{"__id__":8}],"_level":3,"_components":[{"__type__":"cc.Sprite","node":{"__id__":7},"_spriteFrame":{"__uuid__":"c1ah1ZfQZEtYtYSVV5pTVH"}},{"__type__":"cc.Button","node":{"__id__":7},"clickEvents":[{"__type__":"cc.ClickEvent","target":{"__id__":2},"_componentId":"39cd8S2+09OcZr7XNAPEgx+","handler":"onBtnBackClick"}],"_N$transition":3,"transition":3}],"_contentSize":{"__type__":"cc.Size","width":196,"height":107},"_position":{"__type__":"cc.Vec3","x":-500},"_scale":{"__type__":"cc.Vec3","x":1,"y":1,"z":1}},{"__type__":"cc.Node","_name":"icon_return","_parent":{"__id__":7},"_level":4,"_components":[{"__type__":"cc.Sprite","node":{"__id__":8},"_spriteFrame":{"__uuid__":"d0CtNt0uZIYLoZ8j22DMjB"}}],"_contentSize":{"__type__":"cc.Size","width":58,"height":63},"_position":{"__type__":"cc.Vec3","x":-35},"_scale":{"__type__":"cc.Vec3","x":1,"y":1,"z":1}},{"__type__":"cc.Node","_name":"user_coin","_parent":{"__id__":6},"_children":[{"__id__":10},{"__id__":11}],"_level":3,"_components":[{"__type__":"cc.Sprite","node":{"__id__":9},"_spriteFrame":{"__uuid__":"7anmYkCG1EYKyWsZ3l5Pr6"}},{"__type__":"cc.Button","node":{"__id__":9},"_N$transition":3,"transition":3}],"_prefab":{"__type__":"cc.PrefabInfo","root":{"__id__":9},"asset":{"__uuid__":"84mvzmn5dNH6QbTdNJ1qtc"},"fileId":"42StrBX4FMhKbesOJNmAOa"},"_contentSize":{"__type__":"cc.Size","width":300,"height":68},"_position":{"__type__":"cc.Vec3","x":-220},"_scale":{"__type__":"cc.Vec3","x":1,"y":1,"z":1}},{"__type__":"cc.Node","_name":"img_coin","_parent":{"__id__":9},"_level":5,"_components":[{"__type__":"cc.Sprite","node":{"__id__":10},"_spriteFrame":{"__uuid__":"04/RCJQcRLO7dTElfTgECn"}}],"_prefab":{"__type__":"cc.PrefabInfo","root":{"__id__":9},"asset":{"__uuid__":"84mvzmn5dNH6QbTdNJ1qtc"},"fileId":"f35TcKEiFEdqfW1Ld2wX2g"},"_contentSize":{"__type__":"cc.Size","width":48,"height":49},"_position":{"__type__":"cc.Vec3","x":-115},"_scale":{"__type__":"cc.Vec3","x":1,"y":1,"z":1}},{"__type__":"cc.Node","_name":"btn_add","_parent":{"__id__":9},"_level":5,"_components":[{"__type__":"cc.Sprite","node":{"__id__":11},"_spriteFrame":{"__uuid__":"134HdePuBIJISrEhPMLco6"}}],"_prefab":{"__type__":"cc.PrefabInfo","root":{"__id__":9},"asset":{"__uuid__":"84mvzmn5dNH6QbTdNJ1qtc"},"fileId":"e7ARws1vhNPrkfe0SeY5gc"},"_contentSize":{"__type__":"cc.Size","width":48,"height":48},"_position":{"__type__":"cc.Vec3","x":115},"_scale":{"__type__":"cc.Vec3","x":1,"y":1,"z":1}},{"__type__":"cc.Node","_name":"btn_rules","_parent":{"__id__":6},"_level":3,"_components":[{"__type__":"cc.Sprite","node":{"__id__":12},"_spriteFrame":{"__uuid__":"71qAIeSJlGIbMJin0Spmdv"}},{"__type__":"cc.Button","node":{"__id__":12},"_N$transition":3,"transition":3}],"_contentSize":{"__type__":"cc.Size","width":74,"height":74},"_position":{"__type__":"cc.Vec3","x":500},"_scale":{"__type__":"cc.Vec3","x":1,"y":1,"z":1}},{"__type__":"cc.Node","_name":"center","_parent":{"__id__":5},"_children":[{"__id__":14},{"__id__":41}],"_level":2,"_position":{"__type__":"cc.Vec3","y":-10},"_scale":{"__type__":"cc.Vec3","x":1,"y":1,"z":1}},{"__type__":"cc.Node","_name":"bg_select","_parent":{"__id__":13},"_children":[{"__id__":15}],"_level":3,"_components":[{"__type__":"cc.Sprite","node":{"__id__":14},"_spriteFrame":{"__uuid__":"3950rEL+5ASI8BBdfKZZql"}},{"__type__":"cc.ScrollView","node":{"__id__":14},"horizontal":false,"_N$content":{"__id__":16},"content":{"__id__":16}}],"_contentSize":{"__type__":"cc.Size","width":205,"height":525},"_position":{"__type__":"cc.Vec3","x":-520},"_scale":{"__type__":"cc.Vec3","x":1,"y":1,"z":1}},{"__type__":"cc.Node","_name":"viewport","_parent":{"__id__":14},"_children":[{"__id__":16}],"_level":4,"_components":[{"__type__":"cc.Mask","node":{"__id__":15}}],"_contentSize":{"__type__":"cc.Size","width":210,"height":450},"_scale":{"__type__":"cc.Vec3","x":1,"y":1,"z":1}},{"__type__":"cc.Node","_name":"content","_parent":{"__id__":15},"_children":[{"__id__":17},{"__id__":20},{"__id__":23},{"__id__":26},{"__id__":29},{"__id__":32},{"__id__":35},{"__id__":38}],"_level":5,"_contentSize":{"__type__":"cc.Size","width":210,"height":720},"_anchorPoint":{"__type__":"cc.Vec2","x":0.5,"y":1},"_position":{"__type__":"cc.Vec3","y":220},"_scale":{"__type__":"cc.Vec3","x":1,"y":1,"z":1}},{"__type__":"cc.Node","_name":"LHD","_parent":{"__id__":16},"_children":[{"__id__":18},{"__id__":19}],"_level":6,"_components":[{"__type__":"cc.Sprite","node":{"__id__":17},"_spriteFrame":{"__uuid__":"70ncXw77RJR6323WF1E5b8"}},{"__type__":"cc.Button","node":{"__id__":17},"clickEvents":[{"__type__":"cc.ClickEvent","target":{"__id__":2},"_componentId":"39cd8S2+09OcZr7XNAPEgx+","handler":"onBtnGameNameClick","customEventData":"LHD"}]}],"_contentSize":{"__type__":"cc.Size","width":179,"height":74},"_anchorPoint":{"__type__":"cc.Vec2","x":0.5,"y":1},"_position":{"__type__":"cc.Vec3","y":-20},"_scale":{"__type__":"cc.Vec3","x":1,"y":1,"z":1}},{"__type__":"cc.Node","_name":"select_mask","_parent":{"__id__":17},"_active":false,"_level":5,"_components":[{"__type__":"cc.Sprite","node":{"__id__":18},"_spriteFrame":{"__uuid__":"33LcsM/aRHOZdZpoISsSlW"}}],"_contentSize":{"__type__":"cc.Size","width":213,"height":93},"_position":{"__type__":"cc.Vec3","y":-30},"_scale":{"__type__":"cc.Vec3","x":1,"y":1,"z":1}},{"__type__":"cc.Node","_name":"btn_icon_lhd","_parent":{"__id__":17},"_level":5,"_components":[{"__type__":"cc.Sprite","node":{"__id__":19},"_spriteFrame":{"__uuid__":"cflK8kQcZO/Zk8VCJMoIh6"}}],"_contentSize":{"__type__":"cc.Size","width":123,"height":45},"_position":{"__type__":"cc.Vec3","y":-30},"_scale":{"__type__":"cc.Vec3","x":1,"y":1,"z":1}},{"__type__":"cc.Node","_name":"HB","_parent":{"__id__":16},"_children":[{"__id__":21},{"__id__":22}],"_level":6,"_components":[{"__type__":"cc.Sprite","node":{"__id__":20},"_spriteFrame":{"__uuid__":"70ncXw77RJR6323WF1E5b8"}},{"__type__":"cc.Button","node":{"__id__":20},"clickEvents":[{"__type__":"cc.ClickEvent","target":{"__id__":2},"_componentId":"39cd8S2+09OcZr7XNAPEgx+","handler":"onBtnGameNameClick","customEventData":"HB"}]}],"_contentSize":{"__type__":"cc.Size","width":179,"height":74},"_position":{"__type__":"cc.Vec3","y":-135},"_scale":{"__type__":"cc.Vec3","x":1,"y":1,"z":1}},{"__type__":"cc.Node","_name":"select_mask","_parent":{"__id__":20},"_active":false,"_level":5,"_components":[{"__type__":"cc.Sprite","node":{"__id__":21},"_spriteFrame":{"__uuid__":"33LcsM/aRHOZdZpoISsSlW"}}],"_contentSize":{"__type__":"cc.Size","width":213,"height":93},"_scale":{"__type__":"cc.Vec3","x":1,"y":1,"z":1}},{"__type__":"cc.Node","_name":"btn_icon_qhb","_parent":{"__id__":20},"_level":5,"_components":[{"__type__":"cc.Sprite","node":{"__id__":22},"_spriteFrame":{"__uuid__":"96hZ9TtW1JB4EyoDylxPeb"}}],"_contentSize":{"__type__":"cc.Size","width":76,"height":42},"_scale":{"__type__":"cc.Vec3","x":1,"y":1,"z":1}},{"__type__":"cc.Node","_name":"ZJH","_parent":{"__id__":16},"_children":[{"__id__":24},{"__id__":25}],"_level":6,"_components":[{"__type__":"cc.Sprite","node":{"__id__":23},"_spriteFrame":{"__uuid__":"70ncXw77RJR6323WF1E5b8"}},{"__type__":"cc.Button","node":{"__id__":23},"clickEvents":[{"__type__":"cc.ClickEvent","target":{"__id__":2},"_componentId":"39cd8S2+09OcZr7XNAPEgx+","handler":"onBtnGameNameClick","customEventData":"ZJH"}]}],"_contentSize":{"__type__":"cc.Size","width":179,"height":74},"_position":{"__type__":"cc.Vec3","y":-210},"_scale":{"__type__":"cc.Vec3","x":1,"y":1,"z":1}},{"__type__":"cc.Node","_name":"select_mask","_parent":{"__id__":23},"_active":false,"_level":5,"_components":[{"__type__":"cc.Sprite","node":{"__id__":24},"_spriteFrame":{"__uuid__":"33LcsM/aRHOZdZpoISsSlW"}}],"_contentSize":{"__type__":"cc.Size","width":213,"height":93},"_scale":{"__type__":"cc.Vec3","x":1,"y":1,"z":1}},{"__type__":"cc.Node","_name":"btn_icon_zjh","_parent":{"__id__":23},"_level":5,"_components":[{"__type__":"cc.Sprite","node":{"__id__":25},"_spriteFrame":{"__uuid__":"0f9mb990VMUYDfbFSOBb7f"}}],"_contentSize":{"__type__":"cc.Size","width":122,"height":45},"_scale":{"__type__":"cc.Vec3","x":1,"y":1,"z":1}},{"__type__":"cc.Node","_name":"BMW","_parent":{"__id__":16},"_children":[{"__id__":27},{"__id__":28}],"_level":6,"_components":[{"__type__":"cc.Sprite","node":{"__id__":26},"_spriteFrame":{"__uuid__":"70ncXw77RJR6323WF1E5b8"}},{"__type__":"cc.Button","node":{"__id__":26},"clickEvents":[{"__type__":"cc.ClickEvent","target":{"__id__":2},"_componentId":"39cd8S2+09OcZr7XNAPEgx+","handler":"onBtnGameNameClick","customEventData":"BMW"}]}],"_contentSize":{"__type__":"cc.Size","width":179,"height":74},"_position":{"__type__":"cc.Vec3","y":-290},"_scale":{"__type__":"cc.Vec3","x":1,"y":1,"z":1}},{"__type__":"cc.Node","_name":"select_mask","_parent":{"__id__":26},"_active":false,"_level":5,"_components":[{"__type__":"cc.Sprite","node":{"__id__":27},"_spriteFrame":{"__uuid__":"33LcsM/aRHOZdZpoISsSlW"}}],"_contentSize":{"__type__":"cc.Size","width":213,"height":93},"_scale":{"__type__":"cc.Vec3","x":1,"y":1,"z":1}},{"__type__":"cc.Node","_name":"btn_icon_benz","_parent":{"__id__":26},"_level":5,"_components":[{"__type__":"cc.Sprite","node":{"__id__":28},"_spriteFrame":{"__uuid__":"a5V83qEUVJvosFwayHr1Ce"}}],"_contentSize":{"__type__":"cc.Size","width":162,"height":45},"_scale":{"__type__":"cc.Vec3","x":1,"y":1,"z":1}},{"__type__":"cc.Node","_name":"BIRDS","_parent":{"__id__":16},"_children":[{"__id__":30},{"__id__":31}],"_level":6,"_components":[{"__type__":"cc.Sprite","node":{"__id__":29},"_spriteFrame":{"__uuid__":"70ncXw77RJR6323WF1E5b8"}},{"__type__":"cc.Button","node":{"__id__":29},"clickEvents":[{"__type__":"cc.ClickEvent","target":{"__id__":2},"_componentId":"39cd8S2+09OcZr7XNAPEgx+","handler":"onBtnGameNameClick","customEventData":"BIRDS"}]}],"_contentSize":{"__type__":"cc.Size","width":179,"height":74},"_position":{"__type__":"cc.Vec3","y":-365},"_scale":{"__type__":"cc.Vec3","x":1,"y":1,"z":1}},{"__type__":"cc.Node","_name":"select_mask","_parent":{"__id__":29},"_active":false,"_level":5,"_components":[{"__type__":"cc.Sprite","node":{"__id__":30},"_spriteFrame":{"__uuid__":"33LcsM/aRHOZdZpoISsSlW"}}],"_contentSize":{"__type__":"cc.Size","width":213,"height":93},"_scale":{"__type__":"cc.Vec3","x":1,"y":1,"z":1}},{"__type__":"cc.Node","_name":"btn_icon_birds","_parent":{"__id__":29},"_level":5,"_components":[{"__type__":"cc.Sprite","node":{"__id__":31},"_spriteFrame":{"__uuid__":"4d3qumrwtLzavc5b+Z99wO"}}],"_contentSize":{"__type__":"cc.Size","width":162,"height":45},"_scale":{"__type__":"cc.Vec3","x":1,"y":1,"z":1}},{"__type__":"cc.Node","_name":"TTZ","_parent":{"__id__":16},"_children":[{"__id__":33},{"__id__":34}],"_level":6,"_components":[{"__type__":"cc.Sprite","node":{"__id__":32},"_spriteFrame":{"__uuid__":"70ncXw77RJR6323WF1E5b8"}},{"__type__":"cc.Button","node":{"__id__":32},"clickEvents":[{"__type__":"cc.ClickEvent","target":{"__id__":2},"_componentId":"39cd8S2+09OcZr7XNAPEgx+","handler":"onBtnGameNameClick","customEventData":"TTZ"}]}],"_contentSize":{"__type__":"cc.Size","width":179,"height":74},"_position":{"__type__":"cc.Vec3","y":-445},"_scale":{"__type__":"cc.Vec3","x":1,"y":1,"z":1}},{"__type__":"cc.Node","_name":"select_mask","_parent":{"__id__":32},"_active":false,"_level":5,"_components":[{"__type__":"cc.Sprite","node":{"__id__":33},"_spriteFrame":{"__uuid__":"33LcsM/aRHOZdZpoISsSlW"}}],"_contentSize":{"__type__":"cc.Size","width":213,"height":93},"_scale":{"__type__":"cc.Vec3","x":1,"y":1,"z":1}},{"__type__":"cc.Node","_name":"btn_icon_ttz","_parent":{"__id__":32},"_level":5,"_components":[{"__type__":"cc.Sprite","node":{"__id__":34},"_spriteFrame":{"__uuid__":"36Xxj8QohJVpQ+sKg4+EYn"}}],"_contentSize":{"__type__":"cc.Size","width":122,"height":45},"_scale":{"__type__":"cc.Vec3","x":1,"y":1,"z":1}},{"__type__":"cc.Node","_name":"MJ","_parent":{"__id__":16},"_children":[{"__id__":36},{"__id__":37}],"_level":6,"_components":[{"__type__":"cc.Sprite","node":{"__id__":35},"_spriteFrame":{"__uuid__":"70ncXw77RJR6323WF1E5b8"}},{"__type__":"cc.Button","node":{"__id__":35},"clickEvents":[{"__type__":"cc.ClickEvent","target":{"__id__":2},"_componentId":"39cd8S2+09OcZr7XNAPEgx+","handler":"onBtnGameNameClick","customEventData":"MJ"}]}],"_contentSize":{"__type__":"cc.Size","width":179,"height":74},"_position":{"__type__":"cc.Vec3","y":-525},"_scale":{"__type__":"cc.Vec3","x":1,"y":1,"z":1}},{"__type__":"cc.Node","_name":"select_mask","_parent":{"__id__":35},"_level":5,"_components":[{"__type__":"cc.Sprite","node":{"__id__":36},"_spriteFrame":{"__uuid__":"33LcsM/aRHOZdZpoISsSlW"}}],"_contentSize":{"__type__":"cc.Size","width":213,"height":93},"_scale":{"__type__":"cc.Vec3","x":1,"y":1,"z":1}},{"__type__":"cc.Node","_name":"btn_icon_xzmj","_parent":{"__id__":35},"_level":5,"_components":[{"__type__":"cc.Sprite","node":{"__id__":37},"_spriteFrame":{"__uuid__":"d3swWoRX1Gfp2UnmrmeWv/"}}],"_contentSize":{"__type__":"cc.Size","width":148,"height":42},"_scale":{"__type__":"cc.Vec3","x":1,"y":1,"z":1}},{"__type__":"cc.Node","_name":"NN","_parent":{"__id__":16},"_children":[{"__id__":39},{"__id__":40}],"_level":6,"_components":[{"__type__":"cc.Sprite","node":{"__id__":38},"_spriteFrame":{"__uuid__":"70ncXw77RJR6323WF1E5b8"}},{"__type__":"cc.Button","node":{"__id__":38},"clickEvents":[{"__type__":"cc.ClickEvent","target":{"__id__":2},"_componentId":"39cd8S2+09OcZr7XNAPEgx+","handler":"onBtnGameNameClick","customEventData":"NN"}]}],"_contentSize":{"__type__":"cc.Size","width":179,"height":74},"_position":{"__type__":"cc.Vec3","y":-605},"_scale":{"__type__":"cc.Vec3","x":1,"y":1,"z":1}},{"__type__":"cc.Node","_name":"select_mask","_parent":{"__id__":38},"_active":false,"_level":5,"_components":[{"__type__":"cc.Sprite","node":{"__id__":39},"_spriteFrame":{"__uuid__":"33LcsM/aRHOZdZpoISsSlW"}}],"_contentSize":{"__type__":"cc.Size","width":213,"height":93},"_scale":{"__type__":"cc.Vec3","x":1,"y":1,"z":1}},{"__type__":"cc.Node","_name":"btn_icon_niuniu","_parent":{"__id__":38},"_level":7,"_components":[{"__type__":"cc.Sprite","node":{"__id__":40},"_spriteFrame":{"__uuid__":"f3mHJQ8j5Cz6ILe9Nbd4q+"}}],"_contentSize":{"__type__":"cc.Size","width":82,"height":45},"_scale":{"__type__":"cc.Vec3","x":1,"y":1,"z":1}},{"__type__":"cc.Node","_name":"roomlist","_parent":{"__id__":13},"_children":[{"__id__":42},{"__id__":140},{"__id__":149}],"_level":3,"_scale":{"__type__":"cc.Vec3","x":1,"y":1,"z":1}},{"__type__":"cc.Node","_name":"MJ","_parent":{"__id__":41},"_children":[{"__id__":43}],"_active":false,"_level":4,"_components":[{"__type__":"cc.ScrollView","node":{"__id__":42},"horizontal":false,"_N$content":{"__id__":44},"content":{"__id__":44}}],"_contentSize":{"__type__":"cc.Size","width":960,"height":480},"_position":{"__type__":"cc.Vec3","x":100,"y":-15},"_scale":{"__type__":"cc.Vec3","x":1,"y":1,"z":1}},{"__type__":"cc.Node","_name":"viewport","_parent":{"__id__":42},"_children":[{"__id__":44}],"_level":4,"_components":[{"__type__":"cc.Mask","node":{"__id__":43}}],"_contentSize":{"__type__":"cc.Size","width":960,"height":480},"_scale":{"__type__":"cc.Vec3","x":1,"y":1,"z":1}},{"__type__":"cc.Node","_name":"content","_parent":{"__id__":43},"_children":[{"__id__":45},{"__id__":64},{"__id__":83},{"__id__":102},{"__id__":121}],"_level":5,"_contentSize":{"__type__":"cc.Size","width":960,"height":1000},"_scale":{"__type__":"cc.Vec3","x":1,"y":1,"z":1}},{"__type__":"cc.Node","_name":"row","_parent":{"__id__":44},"_children":[{"__id__":46},{"__id__":52},{"__id__":58}],"_level":6,"_contentSize":{"__type__":"cc.Size","width":960,"height":140},"_position":{"__type__":"cc.Vec3","y":170},"_scale":{"__type__":"cc.Vec3","x":1,"y":1,"z":1}},{"__type__":"cc.Node","_name":"bg_item","_parent":{"__id__":45},"_children":[{"__id__":47},{"__id__":48},{"__id__":49},{"__id__":50}],"_level":7,"_components":[{"__type__":"cc.Sprite","node":{"__id__":46},"_spriteFrame":{"__uuid__":"5eAcP7pSxNbqkcMWedCyP/"}},{"__type__":"cc.Button","node":{"__id__":46},"clickEvents":[{"__type__":"cc.ClickEvent","target":{"__id__":2},"_componentId":"39cd8S2+09OcZr7XNAPEgx+","handler":"onBtnGameClick","customEventData":"hongbao"}],"_N$transition":3,"transition":3}],"_contentSize":{"__type__":"cc.Size","width":306,"height":132},"_position":{"__type__":"cc.Vec3","x":-320},"_scale":{"__type__":"cc.Vec3","x":1,"y":1,"z":1}},{"__type__":"cc.Node","_name":"state_hot","_parent":{"__id__":46},"_level":8,"_components":[{"__type__":"cc.Sprite","node":{"__id__":47},"_spriteFrame":{"__uuid__":"4cskWLYxNLZK5YpQUY/703"}}],"_contentSize":{"__type__":"cc.Size","width":73,"height":71},"_position":{"__type__":"cc.Vec3","x":120,"y":45},"_scale":{"__type__":"cc.Vec3","x":1,"y":1,"z":1}},{"__type__":"cc.Node","_name":"title_mj_srsf","_parent":{"__id__":46},"_level":8,"_components":[{"__type__":"cc.Sprite","node":{"__id__":48},"_spriteFrame":{"__uuid__":"01oGuVn6pGrYDCF5JzpaR2"}}],"_contentSize":{"__type__":"cc.Size","width":139,"height":41},"_position":{"__type__":"cc.Vec3","x":-60,"y":40},"_scale":{"__type__":"cc.Vec3","x":1,"y":1,"z":1}},{"__type__":"cc.Node","_name":"img_coin","_parent":{"__id__":46},"_level":8,"_components":[{"__type__":"cc.Sprite","node":{"__id__":49},"_spriteFrame":{"__uuid__":"d1NMW8Y1tBDK7Jhyl+nn1J"}}],"_contentSize":{"__type__":"cc.Size","width":48,"height":49},"_position":{"__type__":"cc.Vec3","x":-100,"y":-5},"_scale":{"__type__":"cc.Vec3","x":1,"y":1,"z":1}},{"__type__":"cc.Node","_name":"pipei_enter_bg","_parent":{"__id__":46},"_children":[{"__id__":51}],"_level":8,"_components":[{"__type__":"cc.Sprite","node":{"__id__":50},"_spriteFrame":{"__uuid__":"6eQgHIv0xFypO2tHX9Ms/M"}}],"_contentSize":{"__type__":"cc.Size","width":203,"height":28},"_position":{"__type__":"cc.Vec3","x":30,"y":-40},"_scale":{"__type__":"cc.Vec3","x":1,"y":1,"z":1}},{"__type__":"cc.Node","_name":"tip","_parent":{"__id__":50},"_level":9,"_components":[{"__type__":"cc.Label","node":{"__id__":51},"_useOriginalSize":false,"_string":"入场:20  离场:10","_N$string":"入场:20  离场:10","_fontSize":20,"_lineHeight":30,"_N$horizontalAlign":1,"_N$verticalAlign":1}],"_contentSize":{"__type__":"cc.Size","width":146.72,"height":30},"_scale":{"__type__":"cc.Vec3","x":1,"y":1,"z":1}},{"__type__":"cc.Node","_name":"bg_item","_parent":{"__id__":45},"_children":[{"__id__":53},{"__id__":54},{"__id__":55},{"__id__":57}],"_level":7,"_components":[{"__type__":"cc.Sprite","node":{"__id__":52},"_spriteFrame":{"__uuid__":"5eAcP7pSxNbqkcMWedCyP/"}}],"_contentSize":{"__type__":"cc.Size","width":306,"height":132},"_scale":{"__type__":"cc.Vec3","x":1,"y":1,"z":1}},{"__type__":"cc.Node","_name":"state_hot","_parent":{"__id__":52},"_level":8,"_components":[{"__type__":"cc.Sprite","node":{"__id__":53},"_spriteFrame":{"__uuid__":"4cskWLYxNLZK5YpQUY/703"}}],"_contentSize":{"__type__":"cc.Size","width":73,"height":71},"_position":{"__type__":"cc.Vec3","x":120,"y":45},"_scale":{"__type__":"cc.Vec3","x":1,"y":1,"z":1}},{"__type__":"cc.Node","_name":"img_coin","_parent":{"__id__":52},"_level":8,"_components":[{"__type__":"cc.Sprite","node":{"__id__":54},"_spriteFrame":{"__uuid__":"a3xAxKhF5MGatABD/dHC5o"}}],"_contentSize":{"__type__":"cc.Size","width":48,"height":49},"_position":{"__type__":"cc.Vec3","x":-100,"y":-5},"_scale":{"__type__":"cc.Vec3","x":1,"y":1,"z":1}},{"__type__":"cc.Node","_name":"pipei_enter_bg","_parent":{"__id__":52},"_children":[{"__id__":56}],"_level":8,"_components":[{"__type__":"cc.Sprite","node":{"__id__":55},"_spriteFrame":{"__uuid__":"6eQgHIv0xFypO2tHX9Ms/M"}}],"_contentSize":{"__type__":"cc.Size","width":203,"height":28},"_position":{"__type__":"cc.Vec3","x":30,"y":-40},"_scale":{"__type__":"cc.Vec3","x":1,"y":1,"z":1}},{"__type__":"cc.Node","_name":"tip","_parent":{"__id__":55},"_level":9,"_components":[{"__type__":"cc.Label","node":{"__id__":56},"_useOriginalSize":false,"_string":"入场:20  离场:10","_N$string":"入场:20  离场:10","_fontSize":20,"_lineHeight":30,"_N$horizontalAlign":1,"_N$verticalAlign":1}],"_contentSize":{"__type__":"cc.Size","width":146.72,"height":30},"_scale":{"__type__":"cc.Vec3","x":1,"y":1,"z":1}},{"__type__":"cc.Node","_name":"title_mj_srlf","_parent":{"__id__":52},"_level":8,"_components":[{"__type__":"cc.Sprite","node":{"__id__":57},"_spriteFrame":{"__uuid__":"6aolTta3JG84ikaLHZdLwh"}}],"_contentSize":{"__type__":"cc.Size","width":139,"height":41},"_position":{"__type__":"cc.Vec3","x":-60,"y":40},"_scale":{"__type__":"cc.Vec3","x":1,"y":1,"z":1}},{"__type__":"cc.Node","_name":"bg_item","_parent":{"__id__":45},"_children":[{"__id__":59},{"__id__":60},{"__id__":61},{"__id__":62}],"_level":7,"_components":[{"__type__":"cc.Sprite","node":{"__id__":58},"_spriteFrame":{"__uuid__":"5eAcP7pSxNbqkcMWedCyP/"}}],"_contentSize":{"__type__":"cc.Size","width":306,"height":132},"_position":{"__type__":"cc.Vec3","x":320},"_scale":{"__type__":"cc.Vec3","x":1,"y":1,"z":1}},{"__type__":"cc.Node","_name":"state_good","_parent":{"__id__":58},"_level":8,"_components":[{"__type__":"cc.Sprite","node":{"__id__":59},"_spriteFrame":{"__uuid__":"cbqXPZwvNDArfpDbGZQkmh"}}],"_contentSize":{"__type__":"cc.Size","width":73,"height":71},"_position":{"__type__":"cc.Vec3","x":120,"y":45},"_scale":{"__type__":"cc.Vec3","x":1,"y":1,"z":1}},{"__type__":"cc.Node","_name":"title_mj_lrlf","_parent":{"__id__":58},"_level":8,"_components":[{"__type__":"cc.Sprite","node":{"__id__":60},"_spriteFrame":{"__uuid__":"76eMH7MahCJaj0GE04iH6N"}}],"_contentSize":{"__type__":"cc.Size","width":139,"height":41},"_position":{"__type__":"cc.Vec3","x":-60,"y":40},"_scale":{"__type__":"cc.Vec3","x":1,"y":1,"z":1}},{"__type__":"cc.Node","_name":"img_coin","_parent":{"__id__":58},"_level":8,"_components":[{"__type__":"cc.Sprite","node":{"__id__":61},"_spriteFrame":{"__uuid__":"a3xAxKhF5MGatABD/dHC5o"}}],"_contentSize":{"__type__":"cc.Size","width":48,"height":49},"_position":{"__type__":"cc.Vec3","x":-100,"y":-5},"_scale":{"__type__":"cc.Vec3","x":1,"y":1,"z":1}},{"__type__":"cc.Node","_name":"pipei_enter_bg","_parent":{"__id__":58},"_children":[{"__id__":63}],"_level":8,"_components":[{"__type__":"cc.Sprite","node":{"__id__":62},"_spriteFrame":{"__uuid__":"6eQgHIv0xFypO2tHX9Ms/M"}}],"_contentSize":{"__type__":"cc.Size","width":203,"height":28},"_position":{"__type__":"cc.Vec3","x":30,"y":-40},"_scale":{"__type__":"cc.Vec3","x":1,"y":1,"z":1}},{"__type__":"cc.Node","_name":"tip","_parent":{"__id__":62},"_level":9,"_components":[{"__type__":"cc.Label","node":{"__id__":63},"_useOriginalSize":false,"_string":"入场:20  离场:10","_N$string":"入场:20  离场:10","_fontSize":20,"_lineHeight":30,"_N$horizontalAlign":1,"_N$verticalAlign":1}],"_contentSize":{"__type__":"cc.Size","width":146.72,"height":30},"_scale":{"__type__":"cc.Vec3","x":1,"y":1,"z":1}},{"__type__":"cc.Node","_name":"row","_parent":{"__id__":44},"_children":[{"__id__":65},{"__id__":71},{"__id__":77}],"_level":6,"_contentSize":{"__type__":"cc.Size","width":960,"height":140},"_position":{"__type__":"cc.Vec3","y":30},"_scale":{"__type__":"cc.Vec3","x":1,"y":1,"z":1}},{"__type__":"cc.Node","_name":"bg_item","_parent":{"__id__":64},"_children":[{"__id__":66},{"__id__":67},{"__id__":68},{"__id__":69}],"_level":7,"_components":[{"__type__":"cc.Sprite","node":{"__id__":65},"_spriteFrame":{"__uuid__":"5eAcP7pSxNbqkcMWedCyP/"}}],"_contentSize":{"__type__":"cc.Size","width":306,"height":132},"_position":{"__type__":"cc.Vec3","x":-320},"_scale":{"__type__":"cc.Vec3","x":1,"y":1,"z":1}},{"__type__":"cc.Node","_name":"state_hot","_parent":{"__id__":65},"_level":8,"_components":[{"__type__":"cc.Sprite","node":{"__id__":66}}],"_contentSize":{"__type__":"cc.Size","width":73,"height":71},"_position":{"__type__":"cc.Vec3","x":120,"y":45},"_scale":{"__type__":"cc.Vec3","x":1,"y":1,"z":1}},{"__type__":"cc.Node","_name":"title_mj_srsf","_parent":{"__id__":65},"_level":8,"_components":[{"__type__":"cc.Sprite","node":{"__id__":67}}],"_contentSize":{"__type__":"cc.Size","width":139,"height":41},"_position":{"__type__":"cc.Vec3","x":-60,"y":40},"_scale":{"__type__":"cc.Vec3","x":1,"y":1,"z":1}},{"__type__":"cc.Node","_name":"img_coin","_parent":{"__id__":65},"_level":8,"_components":[{"__type__":"cc.Sprite","node":{"__id__":68}}],"_contentSize":{"__type__":"cc.Size","width":48,"height":49},"_position":{"__type__":"cc.Vec3","x":-100,"y":-5},"_scale":{"__type__":"cc.Vec3","x":1,"y":1,"z":1}},{"__type__":"cc.Node","_name":"pipei_enter_bg","_parent":{"__id__":65},"_children":[{"__id__":70}],"_level":8,"_components":[{"__type__":"cc.Sprite","node":{"__id__":69}}],"_contentSize":{"__type__":"cc.Size","width":203,"height":28},"_position":{"__type__":"cc.Vec3","x":30,"y":-40},"_scale":{"__type__":"cc.Vec3","x":1,"y":1,"z":1}},{"__type__":"cc.Node","_name":"tip","_parent":{"__id__":69},"_level":9,"_components":[{"__type__":"cc.Label","node":{"__id__":70},"_useOriginalSize":false,"_string":"入场:40  离场:20","_N$string":"入场:40  离场:20","_fontSize":20,"_lineHeight":30,"_N$horizontalAlign":1,"_N$verticalAlign":1}],"_contentSize":{"__type__":"cc.Size","width":146.72,"height":30},"_scale":{"__type__":"cc.Vec3","x":1,"y":1,"z":1}},{"__type__":"cc.Node","_name":"bg_item","_parent":{"__id__":64},"_children":[{"__id__":72},{"__id__":73},{"__id__":74},{"__id__":76}],"_level":7,"_components":[{"__type__":"cc.Sprite","node":{"__id__":71},"_spriteFrame":{"__uuid__":"5eAcP7pSxNbqkcMWedCyP/"}}],"_contentSize":{"__type__":"cc.Size","width":306,"height":132},"_scale":{"__type__":"cc.Vec3","x":1,"y":1,"z":1}},{"__type__":"cc.Node","_name":"state_hot","_parent":{"__id__":71},"_level":8,"_components":[{"__type__":"cc.Sprite","node":{"__id__":72}}],"_contentSize":{"__type__":"cc.Size","width":73,"height":71},"_position":{"__type__":"cc.Vec3","x":120,"y":45},"_scale":{"__type__":"cc.Vec3","x":1,"y":1,"z":1}},{"__type__":"cc.Node","_name":"img_coin","_parent":{"__id__":71},"_level":8,"_components":[{"__type__":"cc.Sprite","node":{"__id__":73}}],"_contentSize":{"__type__":"cc.Size","width":48,"height":49},"_position":{"__type__":"cc.Vec3","x":-100,"y":-5},"_scale":{"__type__":"cc.Vec3","x":1,"y":1,"z":1}},{"__type__":"cc.Node","_name":"pipei_enter_bg","_parent":{"__id__":71},"_children":[{"__id__":75}],"_level":8,"_components":[{"__type__":"cc.Sprite","node":{"__id__":74}}],"_contentSize":{"__type__":"cc.Size","width":203,"height":28},"_position":{"__type__":"cc.Vec3","x":30,"y":-40},"_scale":{"__type__":"cc.Vec3","x":1,"y":1,"z":1}},{"__type__":"cc.Node","_name":"tip","_parent":{"__id__":74},"_level":9,"_components":[{"__type__":"cc.Label","node":{"__id__":75},"_useOriginalSize":false,"_string":"入场:40  离场:20","_N$string":"入场:40  离场:20","_fontSize":20,"_lineHeight":30,"_N$horizontalAlign":1,"_N$verticalAlign":1}],"_contentSize":{"__type__":"cc.Size","width":146.72,"height":30},"_scale":{"__type__":"cc.Vec3","x":1,"y":1,"z":1}},{"__type__":"cc.Node","_name":"title_mj_srlf","_parent":{"__id__":71},"_level":8,"_components":[{"__type__":"cc.Sprite","node":{"__id__":76}}],"_contentSize":{"__type__":"cc.Size","width":139,"height":41},"_position":{"__type__":"cc.Vec3","x":-60,"y":40},"_scale":{"__type__":"cc.Vec3","x":1,"y":1,"z":1}},{"__type__":"cc.Node","_name":"bg_item","_parent":{"__id__":64},"_children":[{"__id__":78},{"__id__":79},{"__id__":80},{"__id__":81}],"_level":7,"_components":[{"__type__":"cc.Sprite","node":{"__id__":77},"_spriteFrame":{"__uuid__":"5eAcP7pSxNbqkcMWedCyP/"}}],"_contentSize":{"__type__":"cc.Size","width":306,"height":132},"_position":{"__type__":"cc.Vec3","x":320},"_scale":{"__type__":"cc.Vec3","x":1,"y":1,"z":1}},{"__type__":"cc.Node","_name":"state_good","_parent":{"__id__":77},"_level":8,"_components":[{"__type__":"cc.Sprite","node":{"__id__":78}}],"_contentSize":{"__type__":"cc.Size","width":73,"height":71},"_position":{"__type__":"cc.Vec3","x":120,"y":45},"_scale":{"__type__":"cc.Vec3","x":1,"y":1,"z":1}},{"__type__":"cc.Node","_name":"title_mj_lrlf","_parent":{"__id__":77},"_level":8,"_components":[{"__type__":"cc.Sprite","node":{"__id__":79}}],"_contentSize":{"__type__":"cc.Size","width":139,"height":41},"_position":{"__type__":"cc.Vec3","x":-60,"y":40},"_scale":{"__type__":"cc.Vec3","x":1,"y":1,"z":1}},{"__type__":"cc.Node","_name":"img_coin","_parent":{"__id__":77},"_level":8,"_components":[{"__type__":"cc.Sprite","node":{"__id__":80}}],"_contentSize":{"__type__":"cc.Size","width":48,"height":49},"_position":{"__type__":"cc.Vec3","x":-100,"y":-5},"_scale":{"__type__":"cc.Vec3","x":1,"y":1,"z":1}},{"__type__":"cc.Node","_name":"pipei_enter_bg","_parent":{"__id__":77},"_children":[{"__id__":82}],"_level":8,"_components":[{"__type__":"cc.Sprite","node":{"__id__":81}}],"_contentSize":{"__type__":"cc.Size","width":203,"height":28},"_position":{"__type__":"cc.Vec3","x":30,"y":-40},"_scale":{"__type__":"cc.Vec3","x":1,"y":1,"z":1}},{"__type__":"cc.Node","_name":"tip","_parent":{"__id__":81},"_level":9,"_components":[{"__type__":"cc.Label","node":{"__id__":82},"_useOriginalSize":false,"_string":"入场:40  离场:20","_N$string":"入场:40  离场:20","_fontSize":20,"_lineHeight":30,"_N$horizontalAlign":1,"_N$verticalAlign":1}],"_contentSize":{"__type__":"cc.Size","width":146.72,"height":30},"_scale":{"__type__":"cc.Vec3","x":1,"y":1,"z":1}},{"__type__":"cc.Node","_name":"row","_parent":{"__id__":44},"_children":[{"__id__":84},{"__id__":90},{"__id__":96}],"_level":6,"_contentSize":{"__type__":"cc.Size","width":960,"height":140},"_position":{"__type__":"cc.Vec3","y":-110},"_scale":{"__type__":"cc.Vec3","x":1,"y":1,"z":1}},{"__type__":"cc.Node","_name":"bg_item","_parent":{"__id__":83},"_children":[{"__id__":85},{"__id__":86},{"__id__":87},{"__id__":88}],"_level":7,"_components":[{"__type__":"cc.Sprite","node":{"__id__":84},"_spriteFrame":{"__uuid__":"5eAcP7pSxNbqkcMWedCyP/"}}],"_contentSize":{"__type__":"cc.Size","width":306,"height":132},"_position":{"__type__":"cc.Vec3","x":-320},"_scale":{"__type__":"cc.Vec3","x":1,"y":1,"z":1}},{"__type__":"cc.Node","_name":"state_hot","_parent":{"__id__":84},"_level":8,"_components":[{"__type__":"cc.Sprite","node":{"__id__":85}}],"_contentSize":{"__type__":"cc.Size","width":73,"height":71},"_position":{"__type__":"cc.Vec3","x":120,"y":45},"_scale":{"__type__":"cc.Vec3","x":1,"y":1,"z":1}},{"__type__":"cc.Node","_name":"title_mj_srsf","_parent":{"__id__":84},"_level":8,"_components":[{"__type__":"cc.Sprite","node":{"__id__":86}}],"_contentSize":{"__type__":"cc.Size","width":139,"height":41},"_position":{"__type__":"cc.Vec3","x":-60,"y":40},"_scale":{"__type__":"cc.Vec3","x":1,"y":1,"z":1}},{"__type__":"cc.Node","_name":"img_coin","_parent":{"__id__":84},"_level":8,"_components":[{"__type__":"cc.Sprite","node":{"__id__":87}}],"_contentSize":{"__type__":"cc.Size","width":48,"height":49},"_position":{"__type__":"cc.Vec3","x":-100,"y":-5},"_scale":{"__type__":"cc.Vec3","x":1,"y":1,"z":1}},{"__type__":"cc.Node","_name":"pipei_enter_bg","_parent":{"__id__":84},"_children":[{"__id__":89}],"_level":8,"_components":[{"__type__":"cc.Sprite","node":{"__id__":88}}],"_contentSize":{"__type__":"cc.Size","width":203,"height":28},"_position":{"__type__":"cc.Vec3","x":30,"y":-40},"_scale":{"__type__":"cc.Vec3","x":1,"y":1,"z":1}},{"__type__":"cc.Node","_name":"tip","_parent":{"__id__":88},"_level":9,"_components":[{"__type__":"cc.Label","node":{"__id__":89},"_useOriginalSize":false,"_string":"入场:100  离场:50","_N$string":"入场:100  离场:50","_fontSize":20,"_lineHeight":30,"_N$horizontalAlign":1,"_N$verticalAlign":1}],"_contentSize":{"__type__":"cc.Size","width":157.84,"height":30},"_scale":{"__type__":"cc.Vec3","x":1,"y":1,"z":1}},{"__type__":"cc.Node","_name":"bg_item","_parent":{"__id__":83},"_children":[{"__id__":91},{"__id__":92},{"__id__":93},{"__id__":95}],"_level":7,"_components":[{"__type__":"cc.Sprite","node":{"__id__":90},"_spriteFrame":{"__uuid__":"5eAcP7pSxNbqkcMWedCyP/"}}],"_contentSize":{"__type__":"cc.Size","width":306,"height":132},"_scale":{"__type__":"cc.Vec3","x":1,"y":1,"z":1}},{"__type__":"cc.Node","_name":"state_hot","_parent":{"__id__":90},"_level":8,"_components":[{"__type__":"cc.Sprite","node":{"__id__":91}}],"_contentSize":{"__type__":"cc.Size","width":73,"height":71},"_position":{"__type__":"cc.Vec3","x":120,"y":45},"_scale":{"__type__":"cc.Vec3","x":1,"y":1,"z":1}},{"__type__":"cc.Node","_name":"img_coin","_parent":{"__id__":90},"_level":8,"_components":[{"__type__":"cc.Sprite","node":{"__id__":92}}],"_contentSize":{"__type__":"cc.Size","width":48,"height":49},"_position":{"__type__":"cc.Vec3","x":-100,"y":-5},"_scale":{"__type__":"cc.Vec3","x":1,"y":1,"z":1}},{"__type__":"cc.Node","_name":"pipei_enter_bg","_parent":{"__id__":90},"_children":[{"__id__":94}],"_level":8,"_components":[{"__type__":"cc.Sprite","node":{"__id__":93}}],"_contentSize":{"__type__":"cc.Size","width":203,"height":28},"_position":{"__type__":"cc.Vec3","x":30,"y":-40},"_scale":{"__type__":"cc.Vec3","x":1,"y":1,"z":1}},{"__type__":"cc.Node","_name":"tip","_parent":{"__id__":93},"_level":9,"_components":[{"__type__":"cc.Label","node":{"__id__":94},"_useOriginalSize":false,"_string":"入场:100  离场:50","_N$string":"入场:100  离场:50","_fontSize":20,"_lineHeight":30,"_N$horizontalAlign":1,"_N$verticalAlign":1}],"_contentSize":{"__type__":"cc.Size","width":157.84,"height":30},"_scale":{"__type__":"cc.Vec3","x":1,"y":1,"z":1}},{"__type__":"cc.Node","_name":"title_mj_srlf","_parent":{"__id__":90},"_level":8,"_components":[{"__type__":"cc.Sprite","node":{"__id__":95}}],"_contentSize":{"__type__":"cc.Size","width":139,"height":41},"_position":{"__type__":"cc.Vec3","x":-60,"y":40},"_scale":{"__type__":"cc.Vec3","x":1,"y":1,"z":1}},{"__type__":"cc.Node","_name":"bg_item","_parent":{"__id__":83},"_children":[{"__id__":97},{"__id__":98},{"__id__":99},{"__id__":100}],"_level":7,"_components":[{"__type__":"cc.Sprite","node":{"__id__":96},"_spriteFrame":{"__uuid__":"5eAcP7pSxNbqkcMWedCyP/"}}],"_contentSize":{"__type__":"cc.Size","width":306,"height":132},"_position":{"__type__":"cc.Vec3","x":320},"_scale":{"__type__":"cc.Vec3","x":1,"y":1,"z":1}},{"__type__":"cc.Node","_name":"state_good","_parent":{"__id__":96},"_level":8,"_components":[{"__type__":"cc.Sprite","node":{"__id__":97}}],"_contentSize":{"__type__":"cc.Size","width":73,"height":71},"_position":{"__type__":"cc.Vec3","x":120,"y":45},"_scale":{"__type__":"cc.Vec3","x":1,"y":1,"z":1}},{"__type__":"cc.Node","_name":"title_mj_lrlf","_parent":{"__id__":96},"_level":8,"_components":[{"__type__":"cc.Sprite","node":{"__id__":98}}],"_contentSize":{"__type__":"cc.Size","width":139,"height":41},"_position":{"__type__":"cc.Vec3","x":-60,"y":40},"_scale":{"__type__":"cc.Vec3","x":1,"y":1,"z":1}},{"__type__":"cc.Node","_name":"img_coin","_parent":{"__id__":96},"_level":8,"_components":[{"__type__":"cc.Sprite","node":{"__id__":99}}],"_contentSize":{"__type__":"cc.Size","width":48,"height":49},"_position":{"__type__":"cc.Vec3","x":-100,"y":-5},"_scale":{"__type__":"cc.Vec3","x":1,"y":1,"z":1}},{"__type__":"cc.Node","_name":"pipei_enter_bg","_parent":{"__id__":96},"_children":[{"__id__":101}],"_level":8,"_components":[{"__type__":"cc.Sprite","node":{"__id__":100}}],"_contentSize":{"__type__":"cc.Size","width":203,"height":28},"_position":{"__type__":"cc.Vec3","x":30,"y":-40},"_scale":{"__type__":"cc.Vec3","x":1,"y":1,"z":1}},{"__type__":"cc.Node","_name":"tip","_parent":{"__id__":100},"_level":9,"_components":[{"__type__":"cc.Label","node":{"__id__":101},"_useOriginalSize":false,"_string":"入场:100  离场:50","_N$string":"入场:100  离场:50","_fontSize":20,"_lineHeight":30,"_N$horizontalAlign":1,"_N$verticalAlign":1}],"_contentSize":{"__type__":"cc.Size","width":157.84,"height":30},"_scale":{"__type__":"cc.Vec3","x":1,"y":1,"z":1}},{"__type__":"cc.Node","_name":"row","_parent":{"__id__":44},"_children":[{"__id__":103},{"__id__":109},{"__id__":115}],"_level":6,"_contentSize":{"__type__":"cc.Size","width":960,"height":140},"_position":{"__type__":"cc.Vec3","y":-250},"_scale":{"__type__":"cc.Vec3","x":1,"y":1,"z":1}},{"__type__":"cc.Node","_name":"bg_item","_parent":{"__id__":102},"_children":[{"__id__":104},{"__id__":105},{"__id__":106},{"__id__":107}],"_level":7,"_components":[{"__type__":"cc.Sprite","node":{"__id__":103},"_spriteFrame":{"__uuid__":"5eAcP7pSxNbqkcMWedCyP/"}}],"_contentSize":{"__type__":"cc.Size","width":306,"height":132},"_position":{"__type__":"cc.Vec3","x":-320},"_scale":{"__type__":"cc.Vec3","x":1,"y":1,"z":1}},{"__type__":"cc.Node","_name":"state_hot","_parent":{"__id__":103},"_level":8,"_components":[{"__type__":"cc.Sprite","node":{"__id__":104}}],"_contentSize":{"__type__":"cc.Size","width":73,"height":71},"_position":{"__type__":"cc.Vec3","x":120,"y":45},"_scale":{"__type__":"cc.Vec3","x":1,"y":1,"z":1}},{"__type__":"cc.Node","_name":"title_mj_srsf","_parent":{"__id__":103},"_level":8,"_components":[{"__type__":"cc.Sprite","node":{"__id__":105}}],"_contentSize":{"__type__":"cc.Size","width":139,"height":41},"_position":{"__type__":"cc.Vec3","x":-60,"y":40},"_scale":{"__type__":"cc.Vec3","x":1,"y":1,"z":1}},{"__type__":"cc.Node","_name":"img_coin","_parent":{"__id__":103},"_level":8,"_components":[{"__type__":"cc.Sprite","node":{"__id__":106}}],"_contentSize":{"__type__":"cc.Size","width":48,"height":49},"_position":{"__type__":"cc.Vec3","x":-100,"y":-5},"_scale":{"__type__":"cc.Vec3","x":1,"y":1,"z":1}},{"__type__":"cc.Node","_name":"pipei_enter_bg","_parent":{"__id__":103},"_children":[{"__id__":108}],"_level":8,"_components":[{"__type__":"cc.Sprite","node":{"__id__":107}}],"_contentSize":{"__type__":"cc.Size","width":203,"height":28},"_position":{"__type__":"cc.Vec3","x":30,"y":-40},"_scale":{"__type__":"cc.Vec3","x":1,"y":1,"z":1}},{"__type__":"cc.Node","_name":"tip","_parent":{"__id__":107},"_level":9,"_components":[{"__type__":"cc.Label","node":{"__id__":108},"_useOriginalSize":false,"_string":"入场:200  离场:100","_N$string":"入场:200  离场:100","_fontSize":20,"_lineHeight":30,"_N$horizontalAlign":1,"_N$verticalAlign":1}],"_contentSize":{"__type__":"cc.Size","width":168.96,"height":30},"_scale":{"__type__":"cc.Vec3","x":1,"y":1,"z":1}},{"__type__":"cc.Node","_name":"bg_item","_parent":{"__id__":102},"_children":[{"__id__":110},{"__id__":111},{"__id__":112},{"__id__":114}],"_level":7,"_components":[{"__type__":"cc.Sprite","node":{"__id__":109},"_spriteFrame":{"__uuid__":"5eAcP7pSxNbqkcMWedCyP/"}}],"_contentSize":{"__type__":"cc.Size","width":306,"height":132},"_scale":{"__type__":"cc.Vec3","x":1,"y":1,"z":1}},{"__type__":"cc.Node","_name":"state_hot","_parent":{"__id__":109},"_level":8,"_components":[{"__type__":"cc.Sprite","node":{"__id__":110}}],"_contentSize":{"__type__":"cc.Size","width":73,"height":71},"_position":{"__type__":"cc.Vec3","x":120,"y":45},"_scale":{"__type__":"cc.Vec3","x":1,"y":1,"z":1}},{"__type__":"cc.Node","_name":"img_coin","_parent":{"__id__":109},"_level":8,"_components":[{"__type__":"cc.Sprite","node":{"__id__":111}}],"_contentSize":{"__type__":"cc.Size","width":48,"height":49},"_position":{"__type__":"cc.Vec3","x":-100,"y":-5},"_scale":{"__type__":"cc.Vec3","x":1,"y":1,"z":1}},{"__type__":"cc.Node","_name":"pipei_enter_bg","_parent":{"__id__":109},"_children":[{"__id__":113}],"_level":8,"_components":[{"__type__":"cc.Sprite","node":{"__id__":112}}],"_contentSize":{"__type__":"cc.Size","width":203,"height":28},"_position":{"__type__":"cc.Vec3","x":30,"y":-40},"_scale":{"__type__":"cc.Vec3","x":1,"y":1,"z":1}},{"__type__":"cc.Node","_name":"tip","_parent":{"__id__":112},"_level":9,"_components":[{"__type__":"cc.Label","node":{"__id__":113},"_useOriginalSize":false,"_string":"入场:200  离场:100","_N$string":"入场:200  离场:100","_fontSize":20,"_lineHeight":30,"_N$horizontalAlign":1,"_N$verticalAlign":1}],"_contentSize":{"__type__":"cc.Size","width":168.96,"height":30},"_scale":{"__type__":"cc.Vec3","x":1,"y":1,"z":1}},{"__type__":"cc.Node","_name":"title_mj_srlf","_parent":{"__id__":109},"_level":8,"_components":[{"__type__":"cc.Sprite","node":{"__id__":114}}],"_contentSize":{"__type__":"cc.Size","width":139,"height":41},"_position":{"__type__":"cc.Vec3","x":-60,"y":40},"_scale":{"__type__":"cc.Vec3","x":1,"y":1,"z":1}},{"__type__":"cc.Node","_name":"bg_item","_parent":{"__id__":102},"_children":[{"__id__":116},{"__id__":117},{"__id__":118},{"__id__":119}],"_level":7,"_components":[{"__type__":"cc.Sprite","node":{"__id__":115},"_spriteFrame":{"__uuid__":"5eAcP7pSxNbqkcMWedCyP/"}}],"_contentSize":{"__type__":"cc.Size","width":306,"height":132},"_position":{"__type__":"cc.Vec3","x":320},"_scale":{"__type__":"cc.Vec3","x":1,"y":1,"z":1}},{"__type__":"cc.Node","_name":"state_good","_parent":{"__id__":115},"_level":8,"_components":[{"__type__":"cc.Sprite","node":{"__id__":116}}],"_contentSize":{"__type__":"cc.Size","width":73,"height":71},"_position":{"__type__":"cc.Vec3","x":120,"y":45},"_scale":{"__type__":"cc.Vec3","x":1,"y":1,"z":1}},{"__type__":"cc.Node","_name":"title_mj_lrlf","_parent":{"__id__":115},"_level":8,"_components":[{"__type__":"cc.Sprite","node":{"__id__":117}}],"_contentSize":{"__type__":"cc.Size","width":139,"height":41},"_position":{"__type__":"cc.Vec3","x":-60,"y":40},"_scale":{"__type__":"cc.Vec3","x":1,"y":1,"z":1}},{"__type__":"cc.Node","_name":"img_coin","_parent":{"__id__":115},"_level":8,"_components":[{"__type__":"cc.Sprite","node":{"__id__":118}}],"_contentSize":{"__type__":"cc.Size","width":48,"height":49},"_position":{"__type__":"cc.Vec3","x":-100,"y":-5},"_scale":{"__type__":"cc.Vec3","x":1,"y":1,"z":1}},{"__type__":"cc.Node","_name":"pipei_enter_bg","_parent":{"__id__":115},"_children":[{"__id__":120}],"_level":8,"_components":[{"__type__":"cc.Sprite","node":{"__id__":119}}],"_contentSize":{"__type__":"cc.Size","width":203,"height":28},"_position":{"__type__":"cc.Vec3","x":30,"y":-40},"_scale":{"__type__":"cc.Vec3","x":1,"y":1,"z":1}},{"__type__":"cc.Node","_name":"tip","_parent":{"__id__":119},"_level":9,"_components":[{"__type__":"cc.Label","node":{"__id__":120},"_useOriginalSize":false,"_string":"入场:200  离场:100","_N$string":"入场:200  离场:100","_fontSize":20,"_lineHeight":30,"_N$horizontalAlign":1,"_N$verticalAlign":1}],"_contentSize":{"__type__":"cc.Size","width":168.96,"height":30},"_scale":{"__type__":"cc.Vec3","x":1,"y":1,"z":1}},{"__type__":"cc.Node","_name":"row","_parent":{"__id__":44},"_children":[{"__id__":122},{"__id__":128},{"__id__":134}],"_level":6,"_contentSize":{"__type__":"cc.Size","width":960,"height":140},"_position":{"__type__":"cc.Vec3","y":-390},"_scale":{"__type__":"cc.Vec3","x":1,"y":1,"z":1}},{"__type__":"cc.Node","_name":"bg_item","_parent":{"__id__":121},"_children":[{"__id__":123},{"__id__":124},{"__id__":125},{"__id__":126}],"_level":7,"_components":[{"__type__":"cc.Sprite","node":{"__id__":122},"_spriteFrame":{"__uuid__":"5eAcP7pSxNbqkcMWedCyP/"}}],"_contentSize":{"__type__":"cc.Size","width":306,"height":132},"_position":{"__type__":"cc.Vec3","x":-320},"_scale":{"__type__":"cc.Vec3","x":1,"y":1,"z":1}},{"__type__":"cc.Node","_name":"state_hot","_parent":{"__id__":122},"_level":8,"_components":[{"__type__":"cc.Sprite","node":{"__id__":123}}],"_contentSize":{"__type__":"cc.Size","width":73,"height":71},"_position":{"__type__":"cc.Vec3","x":120,"y":45},"_scale":{"__type__":"cc.Vec3","x":1,"y":1,"z":1}},{"__type__":"cc.Node","_name":"title_mj_srsf","_parent":{"__id__":122},"_level":8,"_components":[{"__type__":"cc.Sprite","node":{"__id__":124}}],"_contentSize":{"__type__":"cc.Size","width":139,"height":41},"_position":{"__type__":"cc.Vec3","x":-60,"y":40},"_scale":{"__type__":"cc.Vec3","x":1,"y":1,"z":1}},{"__type__":"cc.Node","_name":"img_coin","_parent":{"__id__":122},"_level":8,"_components":[{"__type__":"cc.Sprite","node":{"__id__":125}}],"_contentSize":{"__type__":"cc.Size","width":48,"height":49},"_position":{"__type__":"cc.Vec3","x":-100,"y":-5},"_scale":{"__type__":"cc.Vec3","x":1,"y":1,"z":1}},{"__type__":"cc.Node","_name":"pipei_enter_bg","_parent":{"__id__":122},"_children":[{"__id__":127}],"_level":8,"_components":[{"__type__":"cc.Sprite","node":{"__id__":126}}],"_contentSize":{"__type__":"cc.Size","width":203,"height":28},"_position":{"__type__":"cc.Vec3","x":30,"y":-40},"_scale":{"__type__":"cc.Vec3","x":1,"y":1,"z":1}},{"__type__":"cc.Node","_name":"tip","_parent":{"__id__":126},"_level":9,"_components":[{"__type__":"cc.Label","node":{"__id__":127},"_useOriginalSize":false,"_string":"入场:400  离场:200","_N$string":"入场:400  离场:200","_fontSize":20,"_lineHeight":30,"_N$horizontalAlign":1,"_N$verticalAlign":1}],"_contentSize":{"__type__":"cc.Size","width":168.96,"height":30},"_scale":{"__type__":"cc.Vec3","x":1,"y":1,"z":1}},{"__type__":"cc.Node","_name":"bg_item","_parent":{"__id__":121},"_children":[{"__id__":129},{"__id__":130},{"__id__":131},{"__id__":133}],"_level":7,"_components":[{"__type__":"cc.Sprite","node":{"__id__":128},"_spriteFrame":{"__uuid__":"5eAcP7pSxNbqkcMWedCyP/"}}],"_contentSize":{"__type__":"cc.Size","width":306,"height":132},"_scale":{"__type__":"cc.Vec3","x":1,"y":1,"z":1}},{"__type__":"cc.Node","_name":"state_hot","_parent":{"__id__":128},"_level":8,"_components":[{"__type__":"cc.Sprite","node":{"__id__":129}}],"_contentSize":{"__type__":"cc.Size","width":73,"height":71},"_position":{"__type__":"cc.Vec3","x":120,"y":45},"_scale":{"__type__":"cc.Vec3","x":1,"y":1,"z":1}},{"__type__":"cc.Node","_name":"img_coin","_parent":{"__id__":128},"_level":8,"_components":[{"__type__":"cc.Sprite","node":{"__id__":130}}],"_contentSize":{"__type__":"cc.Size","width":48,"height":49},"_position":{"__type__":"cc.Vec3","x":-100,"y":-5},"_scale":{"__type__":"cc.Vec3","x":1,"y":1,"z":1}},{"__type__":"cc.Node","_name":"pipei_enter_bg","_parent":{"__id__":128},"_children":[{"__id__":132}],"_level":8,"_components":[{"__type__":"cc.Sprite","node":{"__id__":131}}],"_contentSize":{"__type__":"cc.Size","width":203,"height":28},"_position":{"__type__":"cc.Vec3","x":30,"y":-40},"_scale":{"__type__":"cc.Vec3","x":1,"y":1,"z":1}},{"__type__":"cc.Node","_name":"tip","_parent":{"__id__":131},"_level":9,"_components":[{"__type__":"cc.Label","node":{"__id__":132},"_useOriginalSize":false,"_string":"入场:400  离场:200","_N$string":"入场:400  离场:200","_fontSize":20,"_lineHeight":30,"_N$horizontalAlign":1,"_N$verticalAlign":1}],"_contentSize":{"__type__":"cc.Size","width":168.96,"height":30},"_scale":{"__type__":"cc.Vec3","x":1,"y":1,"z":1}},{"__type__":"cc.Node","_name":"title_mj_srlf","_parent":{"__id__":128},"_level":8,"_components":[{"__type__":"cc.Sprite","node":{"__id__":133}}],"_contentSize":{"__type__":"cc.Size","width":139,"height":41},"_position":{"__type__":"cc.Vec3","x":-60,"y":40},"_scale":{"__type__":"cc.Vec3","x":1,"y":1,"z":1}},{"__type__":"cc.Node","_name":"bg_item","_parent":{"__id__":121},"_children":[{"__id__":135},{"__id__":136},{"__id__":137},{"__id__":138}],"_level":7,"_components":[{"__type__":"cc.Sprite","node":{"__id__":134},"_spriteFrame":{"__uuid__":"5eAcP7pSxNbqkcMWedCyP/"}}],"_contentSize":{"__type__":"cc.Size","width":306,"height":132},"_position":{"__type__":"cc.Vec3","x":320},"_scale":{"__type__":"cc.Vec3","x":1,"y":1,"z":1}},{"__type__":"cc.Node","_name":"state_good","_parent":{"__id__":134},"_level":8,"_components":[{"__type__":"cc.Sprite","node":{"__id__":135}}],"_contentSize":{"__type__":"cc.Size","width":73,"height":71},"_position":{"__type__":"cc.Vec3","x":120,"y":45},"_scale":{"__type__":"cc.Vec3","x":1,"y":1,"z":1}},{"__type__":"cc.Node","_name":"title_mj_lrlf","_parent":{"__id__":134},"_level":8,"_components":[{"__type__":"cc.Sprite","node":{"__id__":136}}],"_contentSize":{"__type__":"cc.Size","width":139,"height":41},"_position":{"__type__":"cc.Vec3","x":-60,"y":40},"_scale":{"__type__":"cc.Vec3","x":1,"y":1,"z":1}},{"__type__":"cc.Node","_name":"img_coin","_parent":{"__id__":134},"_level":8,"_components":[{"__type__":"cc.Sprite","node":{"__id__":137}}],"_contentSize":{"__type__":"cc.Size","width":48,"height":49},"_position":{"__type__":"cc.Vec3","x":-100,"y":-5},"_scale":{"__type__":"cc.Vec3","x":1,"y":1,"z":1}},{"__type__":"cc.Node","_name":"pipei_enter_bg","_parent":{"__id__":134},"_children":[{"__id__":139}],"_level":8,"_components":[{"__type__":"cc.Sprite","node":{"__id__":138}}],"_contentSize":{"__type__":"cc.Size","width":203,"height":28},"_position":{"__type__":"cc.Vec3","x":30,"y":-40},"_scale":{"__type__":"cc.Vec3","x":1,"y":1,"z":1}},{"__type__":"cc.Node","_name":"tip","_parent":{"__id__":138},"_level":9,"_components":[{"__type__":"cc.Label","node":{"__id__":139},"_useOriginalSize":false,"_string":"入场:400  离场:200","_N$string":"入场:400  离场:200","_fontSize":20,"_lineHeight":30,"_N$horizontalAlign":1,"_N$verticalAlign":1}],"_contentSize":{"__type__":"cc.Size","width":168.96,"height":30},"_scale":{"__type__":"cc.Vec3","x":1,"y":1,"z":1}},{"__type__":"cc.Node","_name":"LHD","_parent":{"__id__":41},"_children":[{"__id__":141}],"_active":false,"_level":4,"_contentSize":{"__type__":"cc.Size","width":960,"height":480},"_position":{"__type__":"cc.Vec3","x":100,"y":-15},"_scale":{"__type__":"cc.Vec3","x":1,"y":1,"z":1}},{"__type__":"cc.Node","_name":"content","_parent":{"__id__":140},"_children":[{"__id__":142}],"_level":5,"_contentSize":{"__type__":"cc.Size","width":960,"height":1000},"_scale":{"__type__":"cc.Vec3","x":1,"y":1,"z":1}},{"__type__":"cc.Node","_name":"row","_parent":{"__id__":141},"_children":[{"__id__":143}],"_level":6,"_contentSize":{"__type__":"cc.Size","width":960,"height":140},"_position":{"__type__":"cc.Vec3","y":170},"_scale":{"__type__":"cc.Vec3","x":1,"y":1,"z":1}},{"__type__":"cc.Node","_name":"bg_item","_parent":{"__id__":142},"_children":[{"__id__":144},{"__id__":145},{"__id__":146},{"__id__":147}],"_level":7,"_components":[{"__type__":"cc.Sprite","node":{"__id__":143},"_spriteFrame":{"__uuid__":"5eAcP7pSxNbqkcMWedCyP/"}},{"__type__":"cc.Button","node":{"__id__":143},"clickEvents":[{"__type__":"cc.ClickEvent","target":{"__id__":2},"_componentId":"39cd8S2+09OcZr7XNAPEgx+","handler":"onBtnGameClick","customEventData":"hongbao"}],"_N$transition":3,"transition":3}],"_contentSize":{"__type__":"cc.Size","width":306,"height":132},"_position":{"__type__":"cc.Vec3","x":-120},"_scale":{"__type__":"cc.Vec3","x":1,"y":1,"z":1}},{"__type__":"cc.Node","_name":"state_hot","_parent":{"__id__":143},"_level":8,"_components":[{"__type__":"cc.Sprite","node":{"__id__":144},"_spriteFrame":{"__uuid__":"4cskWLYxNLZK5YpQUY/703"}}],"_contentSize":{"__type__":"cc.Size","width":73,"height":71},"_position":{"__type__":"cc.Vec3","x":120,"y":45},"_scale":{"__type__":"cc.Vec3","x":1,"y":1,"z":1}},{"__type__":"cc.Node","_name":"title_lhd","_parent":{"__id__":143},"_level":8,"_components":[{"__type__":"cc.Sprite","node":{"__id__":145},"_spriteFrame":{"__uuid__":"e7NZUBN3lFIJUp1NOJl2QH"}}],"_contentSize":{"__type__":"cc.Size","width":107,"height":40},"_position":{"__type__":"cc.Vec3","x":-60,"y":40},"_scale":{"__type__":"cc.Vec3","x":1,"y":1,"z":1}},{"__type__":"cc.Node","_name":"tip","_parent":{"__id__":143},"_level":8,"_components":[{"__type__":"cc.Label","node":{"__id__":146},"_useOriginalSize":false,"_string":"龙虎斗","_N$string":"龙虎斗","_fontSize":20,"_lineHeight":30,"_N$horizontalAlign":1,"_N$verticalAlign":1}],"_contentSize":{"__type__":"cc.Size","width":60,"height":30},"_position":{"__type__":"cc.Vec3","y":-5},"_scale":{"__type__":"cc.Vec3","x":1,"y":1,"z":1}},{"__type__":"cc.Node","_name":"pipei_enter_bg","_parent":{"__id__":143},"_children":[{"__id__":148}],"_level":8,"_components":[{"__type__":"cc.Sprite","node":{"__id__":147},"_spriteFrame":{"__uuid__":"6eQgHIv0xFypO2tHX9Ms/M"}}],"_contentSize":{"__type__":"cc.Size","width":203,"height":28},"_position":{"__type__":"cc.Vec3","y":-40},"_scale":{"__type__":"cc.Vec3","x":1,"y":1,"z":1}},{"__type__":"cc.Node","_name":"tip","_parent":{"__id__":147},"_level":9,"_components":[{"__type__":"cc.Label","node":{"__id__":148},"_useOriginalSize":false,"_string":"入场:0  离场:0","_N$string":"入场:0  离场:0","_fontSize":20,"_lineHeight":30,"_N$horizontalAlign":1,"_N$verticalAlign":1}],"_contentSize":{"__type__":"cc.Size","width":124.47,"height":30},"_scale":{"__type__":"cc.Vec3","x":1,"y":1,"z":1}},{"__type__":"cc.Node","_name":"HB","_parent":{"__id__":41},"_children":[{"__id__":150}],"_active":false,"_level":4,"_contentSize":{"__type__":"cc.Size","width":960,"height":480},"_position":{"__type__":"cc.Vec3","x":100,"y":-15},"_scale":{"__type__":"cc.Vec3","x":1,"y":1,"z":1}},{"__type__":"cc.Node","_name":"content","_parent":{"__id__":149},"_children":[{"__id__":151}],"_level":5,"_contentSize":{"__type__":"cc.Size","width":960,"height":480},"_scale":{"__type__":"cc.Vec3","x":1,"y":1,"z":1}},{"__type__":"cc.Node","_name":"row","_parent":{"__id__":150},"_children":[{"__id__":152},{"__id__":159}],"_level":6,"_contentSize":{"__type__":"cc.Size","width":960,"height":140},"_position":{"__type__":"cc.Vec3","y":170},"_scale":{"__type__":"cc.Vec3","x":1,"y":1,"z":1}},{"__type__":"cc.Node","_name":"bg_item","_parent":{"__id__":151},"_children":[{"__id__":153},{"__id__":154},{"__id__":155},{"__id__":156},{"__id__":157}],"_level":7,"_components":[{"__type__":"cc.Sprite","node":{"__id__":152},"_spriteFrame":{"__uuid__":"5eAcP7pSxNbqkcMWedCyP/"}},{"__type__":"cc.Button","node":{"__id__":152},"clickEvents":[{"__type__":"cc.ClickEvent","target":{"__id__":2},"_componentId":"39cd8S2+09OcZr7XNAPEgx+","handler":"onBtnGameClick","customEventData":"hongbao"}],"_N$transition":3,"transition":3}],"_contentSize":{"__type__":"cc.Size","width":306,"height":132},"_position":{"__type__":"cc.Vec3","x":-200},"_scale":{"__type__":"cc.Vec3","x":1,"y":1,"z":1}},{"__type__":"cc.Node","_name":"state_hot","_parent":{"__id__":152},"_level":8,"_components":[{"__type__":"cc.Sprite","node":{"__id__":153},"_spriteFrame":{"__uuid__":"4cskWLYxNLZK5YpQUY/703"}}],"_contentSize":{"__type__":"cc.Size","width":73,"height":71},"_position":{"__type__":"cc.Vec3","x":120,"y":45},"_scale":{"__type__":"cc.Vec3","x":1,"y":1,"z":1}},{"__type__":"cc.Node","_name":"title_qhb_10_1","_parent":{"__id__":152},"_level":8,"_components":[{"__type__":"cc.Sprite","node":{"__id__":154},"_spriteFrame":{"__uuid__":"41a95fcoVDJooadq7QCozN"}}],"_contentSize":{"__type__":"cc.Size","width":134,"height":41},"_position":{"__type__":"cc.Vec3","x":-60,"y":40},"_scale":{"__type__":"cc.Vec3","x":1,"y":1,"z":1}},{"__type__":"cc.Node","_name":"img_coin","_parent":{"__id__":152},"_level":8,"_components":[{"__type__":"cc.Sprite","node":{"__id__":155},"_spriteFrame":{"__uuid__":"d1NMW8Y1tBDK7Jhyl+nn1J"}}],"_contentSize":{"__type__":"cc.Size","width":48,"height":49},"_position":{"__type__":"cc.Vec3","x":-100,"y":-5},"_scale":{"__type__":"cc.Vec3","x":1,"y":1,"z":1}},{"__type__":"cc.Node","_name":"tip","_parent":{"__id__":152},"_level":8,"_components":[{"__type__":"cc.Label","node":{"__id__":156},"_useOriginalSize":false,"_string":"红包金额10-300","_N$string":"红包金额10-300","_fontSize":20,"_lineHeight":30,"_N$horizontalAlign":1,"_N$verticalAlign":1}],"_contentSize":{"__type__":"cc.Size","width":142.28,"height":30},"_position":{"__type__":"cc.Vec3","x":40,"y":-5},"_scale":{"__type__":"cc.Vec3","x":1,"y":1,"z":1}},{"__type__":"cc.Node","_name":"pipei_enter_bg","_parent":{"__id__":152},"_children":[{"__id__":158}],"_level":8,"_components":[{"__type__":"cc.Sprite","node":{"__id__":157},"_spriteFrame":{"__uuid__":"6eQgHIv0xFypO2tHX9Ms/M"}}],"_contentSize":{"__type__":"cc.Size","width":203,"height":28},"_position":{"__type__":"cc.Vec3","x":30,"y":-40},"_scale":{"__type__":"cc.Vec3","x":1,"y":1,"z":1}},{"__type__":"cc.Node","_name":"tip","_parent":{"__id__":157},"_level":9,"_components":[{"__type__":"cc.Label","node":{"__id__":158},"_useOriginalSize":false,"_string":"入场:0  离场:0","_N$string":"入场:0  离场:0","_fontSize":20,"_lineHeight":30,"_N$horizontalAlign":1,"_N$verticalAlign":1}],"_contentSize":{"__type__":"cc.Size","width":124.47,"height":30},"_scale":{"__type__":"cc.Vec3","x":1,"y":1,"z":1}},{"__type__":"cc.Node","_name":"bg_item","_parent":{"__id__":151},"_children":[{"__id__":160},{"__id__":161},{"__id__":162},{"__id__":163},{"__id__":164}],"_level":7,"_components":[{"__type__":"cc.Sprite","node":{"__id__":159},"_spriteFrame":{"__uuid__":"5eAcP7pSxNbqkcMWedCyP/"}},{"__type__":"cc.Button","node":{"__id__":159},"clickEvents":[{"__type__":"cc.ClickEvent","target":{"__id__":2},"_componentId":"39cd8S2+09OcZr7XNAPEgx+","handler":"onBtnGameClick","customEventData":"hongbao"}],"_N$transition":3,"transition":3}],"_contentSize":{"__type__":"cc.Size","width":306,"height":132},"_position":{"__type__":"cc.Vec3","x":200},"_scale":{"__type__":"cc.Vec3","x":1,"y":1,"z":1}},{"__type__":"cc.Node","_name":"state_hot","_parent":{"__id__":159},"_level":8,"_components":[{"__type__":"cc.Sprite","node":{"__id__":160},"_spriteFrame":{"__uuid__":"4cskWLYxNLZK5YpQUY/703"}}],"_contentSize":{"__type__":"cc.Size","width":73,"height":71},"_position":{"__type__":"cc.Vec3","x":120,"y":45},"_scale":{"__type__":"cc.Vec3","x":1,"y":1,"z":1}},{"__type__":"cc.Node","_name":"title_qhb_7_1_5","_parent":{"__id__":159},"_level":8,"_components":[{"__type__":"cc.Sprite","node":{"__id__":161},"_spriteFrame":{"__uuid__":"79igLS+BpBCrAjKwW89bJT"}}],"_contentSize":{"__type__":"cc.Size","width":151,"height":41},"_position":{"__type__":"cc.Vec3","x":-60,"y":40},"_scale":{"__type__":"cc.Vec3","x":1,"y":1,"z":1}},{"__type__":"cc.Node","_name":"img_coin","_parent":{"__id__":159},"_level":8,"_components":[{"__type__":"cc.Sprite","node":{"__id__":162},"_spriteFrame":{"__uuid__":"d1NMW8Y1tBDK7Jhyl+nn1J"}}],"_contentSize":{"__type__":"cc.Size","width":48,"height":49},"_position":{"__type__":"cc.Vec3","x":-100,"y":-5},"_scale":{"__type__":"cc.Vec3","x":1,"y":1,"z":1}},{"__type__":"cc.Node","_name":"tip","_parent":{"__id__":159},"_level":8,"_components":[{"__type__":"cc.Label","node":{"__id__":163},"_useOriginalSize":false,"_string":"红包金额10-300","_N$string":"红包金额10-300","_fontSize":20,"_lineHeight":30,"_N$horizontalAlign":1,"_N$verticalAlign":1}],"_contentSize":{"__type__":"cc.Size","width":142.28,"height":30},"_position":{"__type__":"cc.Vec3","x":40,"y":-5},"_scale":{"__type__":"cc.Vec3","x":1,"y":1,"z":1}},{"__type__":"cc.Node","_name":"pipei_enter_bg","_parent":{"__id__":159},"_children":[{"__id__":165}],"_level":8,"_components":[{"__type__":"cc.Sprite","node":{"__id__":164},"_spriteFrame":{"__uuid__":"6eQgHIv0xFypO2tHX9Ms/M"}}],"_contentSize":{"__type__":"cc.Size","width":203,"height":28},"_position":{"__type__":"cc.Vec3","x":30,"y":-40},"_scale":{"__type__":"cc.Vec3","x":1,"y":1,"z":1}},{"__type__":"cc.Node","_name":"tip","_parent":{"__id__":164},"_level":9,"_components":[{"__type__":"cc.Label","node":{"__id__":165},"_useOriginalSize":false,"_string":"入场:0  离场:0","_N$string":"入场:0  离场:0","_fontSize":20,"_lineHeight":30,"_N$horizontalAlign":1,"_N$verticalAlign":1}],"_contentSize":{"__type__":"cc.Size","width":124.47,"height":30},"_scale":{"__type__":"cc.Vec3","x":1,"y":1,"z":1}},{"__type__":"cc.Node","_name":"bottom","_parent":{"__id__":5},"_children":[{"__id__":167}],"_level":2,"_position":{"__type__":"cc.Vec3","y":-310},"_scale":{"__type__":"cc.Vec3","x":1,"y":1,"z":1}},{"__type__":"cc.Node","_name":"btn_refresh","_parent":{"__id__":166},"_level":3,"_components":[{"__type__":"cc.Sprite","node":{"__id__":167},"_spriteFrame":{"__uuid__":"23Hy5uo59Ky6jMUX+xQLNV"}},{"__type__":"cc.Button","node":{"__id__":167},"_N$transition":3,"transition":3}],"_contentSize":{"__type__":"cc.Size","width":74,"height":74},"_position":{"__type__":"cc.Vec3","x":500},"_scale":{"__type__":"cc.Vec3","x":1,"y":1,"z":1}},{"__type__":"cc.Node","_name":"notice","_parent":{"__id__":5},"_children":[{"__id__":169}],"_level":2,"_components":[{"__type__":"cc.Sprite","node":{"__id__":168},"_spriteFrame":{"__uuid__":"44xm9kxf1M/7o/TDcJAIcL"},"_sizeMode":0}],"_prefab":{"__type__":"cc.PrefabInfo","root":{"__id__":168},"asset":{"__uuid__":"8b5kiA4HJA+4SEdenhZSWK"},"fileId":"4axIfNaXhFxr/7zIuQyGyh"},"_contentSize":{"__type__":"cc.Size","width":700,"height":55},"_position":{"__type__":"cc.Vec3","x":-20,"y":245},"_scale":{"__type__":"cc.Vec3","x":1,"y":1,"z":1}},{"__type__":"cc.Node","_name":"content","_parent":{"__id__":168},"_level":3,"_components":[{"__type__":"cc.Label","node":{"__id__":169},"_useOriginalSize":false,"_string":"只供娱乐，严禁赌博！","_N$string":"只供娱乐，严禁赌博！","_fontSize":32,"_N$horizontalAlign":1,"_N$verticalAlign":1,"_N$fontFamily":"黑体"}],"_prefab":{"__type__":"cc.PrefabInfo","root":{"__id__":168},"asset":{"__uuid__":"8b5kiA4HJA+4SEdenhZSWK"},"fileId":"183x1U7jtDZ74DJD5dsW7X"},"_contentSize":{"__type__":"cc.Size","width":320,"height":40},"_scale":{"__type__":"cc.Vec3","x":1,"y":1,"z":1}}],{"__type__":"cc.SpriteFrame","content":{"name":"btn_icon_niuniu","texture":"071/qzCVpHc748uK91No+H","rect":[0,0,82,45],"offset":[0,0],"originalSize":[82,45],"capInsets":[0,0,0,0]}}]