[{"__type__":"cc.SpriteFrame","content":{"name":"btn_bank","texture":"50z8ESBd9MyZJ/aoASuIt1","rect":[0,0,159,61],"offset":[-0.5,0],"originalSize":[160,61],"capInsets":[0,0,0,0]}},{"__type__":"cc.SpriteFrame","content":{"name":"img_coin","texture":"82aj49x8JAA6P0BTQ5favU","rect":[0,0,48,49],"offset":[0,0],"originalSize":[48,49],"capInsets":[0,0,0,0]}},{"__type__":"cc.SpriteFrame","content":{"name":"btn_share","texture":"3beTYiEBFDlby/oVkwYBjw","rect":[0,0,62,73],"offset":[0,0],"originalSize":[62,73],"capInsets":[0,0,0,0]}},{"__type__":"cc.SpriteFrame","content":{"name":"mask_coming","texture":"46PVOZun1HSJlb4qI/kAh2","rect":[10,9,277,190],"offset":[0.5,0.5],"originalSize":[296,209],"capInsets":[0,0,0,0]}},{"__type__":"cc.SpriteFrame","content":{"name":"btn_add","texture":"9buhngVhxKbZiqv+xh783U","rect":[0,0,48,48],"offset":[0,0],"originalSize":[48,48],"capInsets":[0,0,0,0]}},{"__type__":"cc.SpriteFrame","content":{"name":"item_QHB","texture":"camhOjntxFVK4TJq9vBTBH","rect":[0,0,296,209],"offset":[0,0],"originalSize":[296,209],"capInsets":[0,0,0,0]}},{"__type__":"cc.SpriteFrame","content":{"name":"btn_rank","texture":"9czmbblERAUbDdycgKuQQQ","rect":[0,0,161,61],"offset":[0,0],"originalSize":[161,61],"capInsets":[0,0,0,0]}},{"__type__":"cc.SpriteFrame","content":{"name":"btn_service","texture":"30EMrH9ptJXp5/0RSnrOQy","rect":[0,0,64,77],"offset":[0,0],"originalSize":[64,77],"capInsets":[0,0,0,0]}},{"__type__":"cc.SpriteFrame","content":{"name":"item_MJ","texture":"8aSpiHJwBFWZYcX65/pG30","rect":[0,0,344,429],"offset":[0,0],"originalSize":[344,429],"capInsets":[0,0,0,0]}},{"__type__":"cc.SpriteFrame","content":{"name":"bg","texture":"f1VfW9QoFFjIgKyp+PBClW","rect":[1,0,1109,301],"offset":[0.5,0],"originalSize":[1110,301],"capInsets":[0,0,0,0]}},{"__type__":"cc.SpriteFrame","content":{"name":"btn_exchange","texture":"81oYsSUOhFI6Q0UjI+ScOw","rect":[1,1,68,76],"offset":[0.5,-0.5],"originalSize":[69,77],"capInsets":[0,0,0,0]}},{"__type__":"cc.SpriteFrame","content":{"name":"item_LHD","texture":"e7XelBQdNBe67MCx7Nyswc","rect":[0,2,296,219],"offset":[0,-1],"originalSize":[296,221],"capInsets":[0,0,0,0]}},{"__type__":"cc.SpriteFrame","content":{"name":"btn_mail","texture":"47bz/Shf9GXZgtswh4cDwJ","rect":[0,0,122,50],"offset":[0,0],"originalSize":[122,50],"capInsets":[0,0,0,0]}},{"__type__":"cc.SpriteFrame","content":{"name":"item_Birds","texture":"65/YY9U9NFbJaQ9AT6fBaf","rect":[0,1,296,210],"offset":[0,-0.5],"originalSize":[296,211],"capInsets":[0,0,0,0]}},{"__type__":"cc.SpriteFrame","content":{"name":"bg_bottom","texture":"50CxlA/ytFPJDtuwps42io","rect":[0,0,1230,74],"offset":[-0.5,0],"originalSize":[1231,74],"capInsets":[0,0,0,0]}},{"__type__":"cc.SpriteFrame","content":{"name":"bg_coin","texture":"24kybZJx9OXabLskfC9PXj","rect":[0,0,300,68],"offset":[0,0],"originalSize":[300,68],"capInsets":[0,0,0,0]}},{"__type__":"cc.SpriteFrame","content":{"name":"btn_join","texture":"3325qWiCdC87b2kyWBx2Mu","rect":[0,0,91,266],"offset":[0,0],"originalSize":[91,266],"capInsets":[0,0,0,0]}},{"__type__":"cc.SpriteFrame","content":{"name":"item_TTZ","texture":"e9WCGESMhBO5i2aZcon/CF","rect":[0,0,296,209],"offset":[0,0],"originalSize":[296,209],"capInsets":[0,0,0,0]}},{"__type__":"cc.SpriteFrame","content":{"name":"item_ZJH","texture":"30JuZYwFVKS42t/8FIKiyj","rect":[0,0,296,209],"offset":[0,0],"originalSize":[296,209],"capInsets":[0,0,0,0]}},{"__type__":"cc.SpriteFrame","content":{"name":"item_SLOTS","texture":"c2C9AbnPxPkZ8RiBRdhRJC","rect":[0,0,296,209],"offset":[0,0],"originalSize":[296,209],"capInsets":[0,0,0,0]}},{"__type__":"cc.SpriteFrame","content":{"name":"item_BENZ","texture":"db5n/u3exPUr/y3N8eWfnh","rect":[0,0,300,209],"offset":[0,0],"originalSize":[300,209],"capInsets":[0,0,0,0]}},{"__type__":"cc.SpriteFrame","content":{"name":"bg_userinfo","texture":"95JTs9uEBN+rOU3K1Mj9ZE","rect":[0,0,256,82],"offset":[0,0],"originalSize":[256,82],"capInsets":[0,0,0,0]}},[{"__type__":"cc.SceneAsset","_name":"HallScene","scene":{"__id__":1},"asyncLoadAssets":null},{"__type__":"cc.Scene","_name":"New Node","_children":[{"__id__":2}],"_anchorPoint":{"__type__":"cc.Vec2"},"_scale":{"__type__":"cc.Vec3","x":0.44381784678159636,"y":0.44381784678159636,"z":1},"autoReleaseAssets":false},{"__type__":"cc.Node","_name":"Canvas","_parent":{"__id__":1},"_children":[{"__id__":3},{"__id__":4},{"__id__":5}],"_components":[{"__type__":"cc.Canvas","node":{"__id__":2},"_designResolution":{"__type__":"cc.Size","width":1280,"height":720}},{"__type__":"949a5frWHlN45jYKbjSDDr8","node":{"__id__":2}}],"_contentSize":{"__type__":"cc.Size","width":1280,"height":720},"_position":{"__type__":"cc.Vec3","x":640,"y":360},"_scale":{"__type__":"cc.Vec3","x":1,"y":1,"z":1},"_id":"a8SorA17hEZIR0OwJQdFuj"},{"__type__":"cc.Node","_name":"Main Camera","_parent":{"__id__":2},"_level":1,"_components":[{"__type__":"cc.Camera","node":{"__id__":3},"_clearFlags":7,"_depth":-1}],"_scale":{"__type__":"cc.Vec3","x":1,"y":1,"z":1}},{"__type__":"cc.Node","_name":"bg","_parent":{"__id__":2},"_level":1,"_components":[{"__type__":"cc.Sprite","node":{"__id__":4},"_spriteFrame":{"__uuid__":"f4yn0f2v5NyJ50wvDCwoLr"}}],"_contentSize":{"__type__":"cc.Size","width":1920,"height":1080},"_scale":{"__type__":"cc.Vec3","x":1,"y":1,"z":1}},{"__type__":"cc.Node","_name":"content","_parent":{"__id__":2},"_children":[{"__id__":6},{"__id__":18},{"__id__":40},{"__id__":48}],"_level":1,"_scale":{"__type__":"cc.Vec3","x":1,"y":1,"z":1}},{"__type__":"cc.Node","_name":"top","_parent":{"__id__":5},"_children":[{"__id__":7},{"__id__":14}],"_level":2,"_components":[{"__type__":"cc.Widget","node":{"__id__":6},"_alignFlags":1,"_top":-310}],"_position":{"__type__":"cc.Vec3","y":310},"_scale":{"__type__":"cc.Vec3","x":1,"y":1,"z":1}},{"__type__":"cc.Node","_name":"userInfo","_parent":{"__id__":6},"_children":[{"__id__":8},{"__id__":12}],"_level":3,"_components":[{"__type__":"cc.Sprite","node":{"__id__":7},"_spriteFrame":{"__uuid__":"e94cPcDQhBi4DEL2O07Fub"}}],"_contentSize":{"__type__":"cc.Size","width":834,"height":103},"_position":{"__type__":"cc.Vec3","x":-230},"_scale":{"__type__":"cc.Vec3","x":1,"y":1,"z":1}},{"__type__":"cc.Node","_name":"user_coin","_parent":{"__id__":7},"_children":[{"__id__":9},{"__id__":10},{"__id__":11}],"_level":4,"_components":[{"__type__":"cc.Sprite","node":{"__id__":8},"_spriteFrame":{"__uuid__":"7anmYkCG1EYKyWsZ3l5Pr6"}},{"__type__":"cc.Button","node":{"__id__":8},"_N$transition":3,"transition":3}],"_prefab":{"__type__":"cc.PrefabInfo","root":{"__id__":8},"asset":{"__uuid__":"84mvzmn5dNH6QbTdNJ1qtc"},"fileId":"42StrBX4FMhKbesOJNmAOa"},"_contentSize":{"__type__":"cc.Size","width":300,"height":68},"_position":{"__type__":"cc.Vec3","x":130},"_scale":{"__type__":"cc.Vec3","x":1,"y":1,"z":1}},{"__type__":"cc.Node","_name":"img_coin","_parent":{"__id__":8},"_level":5,"_components":[{"__type__":"cc.Sprite","node":{"__id__":9},"_spriteFrame":{"__uuid__":"04/RCJQcRLO7dTElfTgECn"}}],"_prefab":{"__type__":"cc.PrefabInfo","root":{"__id__":8},"asset":{"__uuid__":"84mvzmn5dNH6QbTdNJ1qtc"},"fileId":"f35TcKEiFEdqfW1Ld2wX2g"},"_contentSize":{"__type__":"cc.Size","width":48,"height":49},"_position":{"__type__":"cc.Vec3","x":-115},"_scale":{"__type__":"cc.Vec3","x":1,"y":1,"z":1}},{"__type__":"cc.Node","_name":"btn_add","_parent":{"__id__":8},"_level":5,"_components":[{"__type__":"cc.Sprite","node":{"__id__":10},"_spriteFrame":{"__uuid__":"134HdePuBIJISrEhPMLco6"}}],"_prefab":{"__type__":"cc.PrefabInfo","root":{"__id__":8},"asset":{"__uuid__":"84mvzmn5dNH6QbTdNJ1qtc"},"fileId":"e7ARws1vhNPrkfe0SeY5gc"},"_contentSize":{"__type__":"cc.Size","width":48,"height":48},"_position":{"__type__":"cc.Vec3","x":115},"_scale":{"__type__":"cc.Vec3","x":1,"y":1,"z":1}},{"__type__":"cc.Node","_name":"num","_parent":{"__id__":8},"_level":5,"_components":[{"__type__":"cc.Label","node":{"__id__":11},"_useOriginalSize":false,"_string":"万","_N$string":"万","_fontSize":24,"_N$file":{"__uuid__":"01wG98w55MD5dycbQQhkxH"},"_isSystemFontUsed":false}],"_prefab":{"__type__":"cc.PrefabInfo","root":{"__id__":8},"asset":{"__uuid__":"84mvzmn5dNH6QbTdNJ1qtc"},"fileId":"06gd4ZP9ZCgKHn5hCJ9kee"},"_contentSize":{"__type__":"cc.Size","width":24.14,"height":45.71},"_scale":{"__type__":"cc.Vec3","x":1,"y":1,"z":1}},{"__type__":"cc.Node","_name":"bg_userinfo","_parent":{"__id__":7},"_children":[{"__id__":13}],"_level":4,"_components":[{"__type__":"cc.Sprite","node":{"__id__":12},"_spriteFrame":{"__uuid__":"abc99HrUNKPYhnk+6W15VN"}},{"__type__":"cc.Button","node":{"__id__":12},"_N$transition":3,"transition":3}],"_contentSize":{"__type__":"cc.Size","width":256,"height":82},"_position":{"__type__":"cc.Vec3","x":-220},"_scale":{"__type__":"cc.Vec3","x":1,"y":1,"z":1}},{"__type__":"cc.Node","_name":"bg_head","_parent":{"__id__":12},"_level":5,"_components":[{"__type__":"cc.Sprite","node":{"__id__":13},"_spriteFrame":{"__uuid__":"ed00kq4lJHGK1zVXA3AmSx"}}],"_contentSize":{"__type__":"cc.Size","width":94,"height":94},"_position":{"__type__":"cc.Vec3","x":-90},"_scale":{"__type__":"cc.Vec3","x":1,"y":1,"z":1}},{"__type__":"cc.Node","_name":"right","_parent":{"__id__":6},"_children":[{"__id__":15},{"__id__":16},{"__id__":17}],"_level":3,"_position":{"__type__":"cc.Vec3","x":200},"_scale":{"__type__":"cc.Vec3","x":1,"y":1,"z":1}},{"__type__":"cc.Node","_name":"btn_service","_parent":{"__id__":14},"_level":4,"_components":[{"__type__":"cc.Sprite","node":{"__id__":15},"_spriteFrame":{"__uuid__":"35ekZab/dClY2PaNKh8uKW"}},{"__type__":"cc.Button","node":{"__id__":15},"_N$transition":3,"transition":3}],"_contentSize":{"__type__":"cc.Size","width":64,"height":77},"_position":{"__type__":"cc.Vec3","x":100},"_scale":{"__type__":"cc.Vec3","x":1,"y":1,"z":1}},{"__type__":"cc.Node","_name":"btn_share","_parent":{"__id__":14},"_level":4,"_components":[{"__type__":"cc.Sprite","node":{"__id__":16},"_spriteFrame":{"__uuid__":"07xu4qUIxFN4L1wVJo/OVI"}},{"__type__":"cc.Button","node":{"__id__":16},"_N$transition":3,"transition":3}],"_contentSize":{"__type__":"cc.Size","width":62,"height":73},"_position":{"__type__":"cc.Vec3","x":200},"_scale":{"__type__":"cc.Vec3","x":1,"y":1,"z":1}},{"__type__":"cc.Node","_name":"btn_exchange","_parent":{"__id__":14},"_level":4,"_components":[{"__type__":"cc.Sprite","node":{"__id__":17},"_spriteFrame":{"__uuid__":"4abQbjGBJBnI8aWrOhfBbo"}},{"__type__":"cc.Button","node":{"__id__":17},"_N$transition":3,"transition":3}],"_contentSize":{"__type__":"cc.Size","width":68,"height":76},"_position":{"__type__":"cc.Vec3","x":300},"_scale":{"__type__":"cc.Vec3","x":1,"y":1,"z":1}},{"__type__":"cc.Node","_name":"center","_parent":{"__id__":5},"_children":[{"__id__":19}],"_level":2,"_components":[{"__type__":"cc.ScrollView","node":{"__id__":18},"vertical":false,"_N$content":{"__id__":20},"content":{"__id__":20}}],"_contentSize":{"__type__":"cc.Size","width":1280,"height":500},"_position":{"__type__":"cc.Vec3","y":-40},"_scale":{"__type__":"cc.Vec3","x":1,"y":1,"z":1}},{"__type__":"cc.Node","_name":"viewport","_parent":{"__id__":18},"_children":[{"__id__":20}],"_level":3,"_components":[{"__type__":"cc.Mask","node":{"__id__":19}}],"_contentSize":{"__type__":"cc.Size","width":1280,"height":500},"_scale":{"__type__":"cc.Vec3","x":1,"y":1,"z":1}},{"__type__":"cc.Node","_name":"content","_parent":{"__id__":19},"_children":[{"__id__":21},{"__id__":22},{"__id__":23},{"__id__":24},{"__id__":26},{"__id__":28},{"__id__":30},{"__id__":32},{"__id__":34},{"__id__":36},{"__id__":38}],"_level":4,"_contentSize":{"__type__":"cc.Size","width":2180,"height":500},"_position":{"__type__":"cc.Vec3","x":450},"_scale":{"__type__":"cc.Vec3","x":1,"y":1,"z":1}},{"__type__":"cc.Node","_name":"btn_join","_parent":{"__id__":20},"_level":4,"_components":[{"__type__":"cc.Sprite","node":{"__id__":21},"_spriteFrame":{"__uuid__":"82UclJ7GtHyKNJToRidO1k"}},{"__type__":"cc.Button","node":{"__id__":21},"_N$transition":3,"transition":3}],"_contentSize":{"__type__":"cc.Size","width":91,"height":266},"_position":{"__type__":"cc.Vec3","x":-1000},"_scale":{"__type__":"cc.Vec3","x":1,"y":1,"z":1}},{"__type__":"cc.Node","_name":"item_MJ","_parent":{"__id__":20},"_level":4,"_components":[{"__type__":"cc.Sprite","node":{"__id__":22},"_spriteFrame":{"__uuid__":"43Ag+1pHpMI61e32yWITDD"}},{"__type__":"cc.Button","node":{"__id__":22},"clickEvents":[{"__type__":"cc.ClickEvent","target":{"__id__":2},"_componentId":"949a5frWHlN45jYKbjSDDr8","handler":"onGameIconClick","customEventData":"MJ"}],"_N$transition":3,"transition":3}],"_contentSize":{"__type__":"cc.Size","width":344,"height":429},"_position":{"__type__":"cc.Vec3","x":-750},"_scale":{"__type__":"cc.Vec3","x":1,"y":1,"z":1}},{"__type__":"cc.Node","_name":"item_QHB","_parent":{"__id__":20},"_level":4,"_components":[{"__type__":"cc.Sprite","node":{"__id__":23},"_spriteFrame":{"__uuid__":"15uWNymClK7avneuI3y2H9"}},{"__type__":"cc.Button","node":{"__id__":23},"clickEvents":[{"__type__":"cc.ClickEvent","target":{"__id__":2},"_componentId":"949a5frWHlN45jYKbjSDDr8","handler":"onGameIconClick","customEventData":"HB"}],"_N$transition":3,"transition":3}],"_contentSize":{"__type__":"cc.Size","width":296,"height":209},"_position":{"__type__":"cc.Vec3","x":-405,"y":110},"_scale":{"__type__":"cc.Vec3","x":1,"y":1,"z":1}},{"__type__":"cc.Node","_name":"item_LHD","_parent":{"__id__":20},"_children":[{"__id__":25}],"_level":4,"_components":[{"__type__":"cc.Sprite","node":{"__id__":24},"_spriteFrame":{"__uuid__":"54f2zOht5CxKzuN/qTjvl7"}},{"__type__":"cc.Button","node":{"__id__":24},"_N$transition":3,"transition":3}],"_contentSize":{"__type__":"cc.Size","width":296,"height":219},"_position":{"__type__":"cc.Vec3","x":-405,"y":-110},"_scale":{"__type__":"cc.Vec3","x":1,"y":1,"z":1}},{"__type__":"cc.Node","_name":"mask_coming","_parent":{"__id__":24},"_level":4,"_components":[{"__type__":"cc.Sprite","node":{"__id__":25},"_spriteFrame":{"__uuid__":"13HCAgFLZOq7IE3Fw9Hy39"}}],"_contentSize":{"__type__":"cc.Size","width":277,"height":190},"_scale":{"__type__":"cc.Vec3","x":1,"y":1,"z":1}},{"__type__":"cc.Node","_name":"item_NN","_parent":{"__id__":20},"_children":[{"__id__":27}],"_level":4,"_components":[{"__type__":"cc.Sprite","node":{"__id__":26},"_spriteFrame":{"__uuid__":"fd08EK7wZKabVtgQgZ+3Ao"}},{"__type__":"cc.Button","node":{"__id__":26},"_N$transition":3,"transition":3}],"_contentSize":{"__type__":"cc.Size","width":296,"height":210},"_position":{"__type__":"cc.Vec3","x":-85,"y":110},"_scale":{"__type__":"cc.Vec3","x":1,"y":1,"z":1}},{"__type__":"cc.Node","_name":"mask_coming","_parent":{"__id__":26},"_level":4,"_components":[{"__type__":"cc.Sprite","node":{"__id__":27},"_spriteFrame":{"__uuid__":"13HCAgFLZOq7IE3Fw9Hy39"}}],"_contentSize":{"__type__":"cc.Size","width":277,"height":190},"_scale":{"__type__":"cc.Vec3","x":1,"y":1,"z":1}},{"__type__":"cc.Node","_name":"item_ZJH","_parent":{"__id__":20},"_children":[{"__id__":29}],"_level":4,"_components":[{"__type__":"cc.Sprite","node":{"__id__":28},"_spriteFrame":{"__uuid__":"8cWrUP6FdNwr71yLKsaHx7"}},{"__type__":"cc.Button","node":{"__id__":28},"_N$transition":3,"transition":3}],"_contentSize":{"__type__":"cc.Size","width":296,"height":209},"_position":{"__type__":"cc.Vec3","x":-85,"y":-110},"_scale":{"__type__":"cc.Vec3","x":1,"y":1,"z":1}},{"__type__":"cc.Node","_name":"mask_coming","_parent":{"__id__":28},"_level":4,"_components":[{"__type__":"cc.Sprite","node":{"__id__":29},"_spriteFrame":{"__uuid__":"13HCAgFLZOq7IE3Fw9Hy39"}}],"_contentSize":{"__type__":"cc.Size","width":277,"height":190},"_scale":{"__type__":"cc.Vec3","x":1,"y":1,"z":1}},{"__type__":"cc.Node","_name":"item_TTZ","_parent":{"__id__":20},"_children":[{"__id__":31}],"_level":4,"_components":[{"__type__":"cc.Sprite","node":{"__id__":30},"_spriteFrame":{"__uuid__":"8cCXWxtXpN+bcjFomOeW1e"}},{"__type__":"cc.Button","node":{"__id__":30},"_N$transition":3,"transition":3}],"_contentSize":{"__type__":"cc.Size","width":296,"height":209},"_position":{"__type__":"cc.Vec3","x":235,"y":110},"_scale":{"__type__":"cc.Vec3","x":1,"y":1,"z":1}},{"__type__":"cc.Node","_name":"mask_coming","_parent":{"__id__":30},"_level":4,"_components":[{"__type__":"cc.Sprite","node":{"__id__":31},"_spriteFrame":{"__uuid__":"13HCAgFLZOq7IE3Fw9Hy39"}}],"_contentSize":{"__type__":"cc.Size","width":277,"height":190},"_scale":{"__type__":"cc.Vec3","x":1,"y":1,"z":1}},{"__type__":"cc.Node","_name":"item_Birds","_parent":{"__id__":20},"_children":[{"__id__":33}],"_level":4,"_components":[{"__type__":"cc.Sprite","node":{"__id__":32},"_spriteFrame":{"__uuid__":"61cS5r2ghKe7KE9Jhtj7tG"}},{"__type__":"cc.Button","node":{"__id__":32},"_N$transition":3,"transition":3}],"_contentSize":{"__type__":"cc.Size","width":296,"height":210},"_position":{"__type__":"cc.Vec3","x":235,"y":-110},"_scale":{"__type__":"cc.Vec3","x":1,"y":1,"z":1}},{"__type__":"cc.Node","_name":"mask_coming","_parent":{"__id__":32},"_level":4,"_components":[{"__type__":"cc.Sprite","node":{"__id__":33},"_spriteFrame":{"__uuid__":"13HCAgFLZOq7IE3Fw9Hy39"}}],"_contentSize":{"__type__":"cc.Size","width":277,"height":190},"_scale":{"__type__":"cc.Vec3","x":1,"y":1,"z":1}},{"__type__":"cc.Node","_name":"item_BENZ","_parent":{"__id__":20},"_children":[{"__id__":35}],"_level":4,"_components":[{"__type__":"cc.Sprite","node":{"__id__":34},"_spriteFrame":{"__uuid__":"90Nd1GA85D8YiAVh1vr7eg"}},{"__type__":"cc.Button","node":{"__id__":34},"_N$transition":3,"transition":3}],"_contentSize":{"__type__":"cc.Size","width":300,"height":209},"_position":{"__type__":"cc.Vec3","x":565,"y":110},"_scale":{"__type__":"cc.Vec3","x":1,"y":1,"z":1}},{"__type__":"cc.Node","_name":"mask_coming","_parent":{"__id__":34},"_level":4,"_components":[{"__type__":"cc.Sprite","node":{"__id__":35},"_spriteFrame":{"__uuid__":"13HCAgFLZOq7IE3Fw9Hy39"}}],"_contentSize":{"__type__":"cc.Size","width":277,"height":190},"_scale":{"__type__":"cc.Vec3","x":1,"y":1,"z":1}},{"__type__":"cc.Node","_name":"item_FISH","_parent":{"__id__":20},"_children":[{"__id__":37}],"_level":4,"_components":[{"__type__":"cc.Sprite","node":{"__id__":36},"_spriteFrame":{"__uuid__":"beQJk1aY9GEIbbwFWofCSK"}},{"__type__":"cc.Button","node":{"__id__":36},"_N$transition":3,"transition":3}],"_contentSize":{"__type__":"cc.Size","width":296,"height":209},"_position":{"__type__":"cc.Vec3","x":565,"y":-110},"_scale":{"__type__":"cc.Vec3","x":1,"y":1,"z":1}},{"__type__":"cc.Node","_name":"mask_coming","_parent":{"__id__":36},"_level":4,"_components":[{"__type__":"cc.Sprite","node":{"__id__":37},"_spriteFrame":{"__uuid__":"13HCAgFLZOq7IE3Fw9Hy39"}}],"_contentSize":{"__type__":"cc.Size","width":277,"height":190},"_scale":{"__type__":"cc.Vec3","x":1,"y":1,"z":1}},{"__type__":"cc.Node","_name":"item_SLOTS","_parent":{"__id__":20},"_children":[{"__id__":39}],"_level":4,"_components":[{"__type__":"cc.Sprite","node":{"__id__":38},"_spriteFrame":{"__uuid__":"8fBdxBwdRPrK/YV/HVcOm8"}},{"__type__":"cc.Button","node":{"__id__":38},"_N$transition":3,"transition":3}],"_contentSize":{"__type__":"cc.Size","width":296,"height":209},"_position":{"__type__":"cc.Vec3","x":885,"y":110},"_scale":{"__type__":"cc.Vec3","x":1,"y":1,"z":1}},{"__type__":"cc.Node","_name":"mask_coming","_parent":{"__id__":38},"_level":4,"_components":[{"__type__":"cc.Sprite","node":{"__id__":39},"_spriteFrame":{"__uuid__":"13HCAgFLZOq7IE3Fw9Hy39"}}],"_contentSize":{"__type__":"cc.Size","width":277,"height":190},"_scale":{"__type__":"cc.Vec3","x":1,"y":1,"z":1}},{"__type__":"cc.Node","_name":"bottom","_parent":{"__id__":5},"_children":[{"__id__":41}],"_level":2,"_components":[{"__type__":"cc.Widget","node":{"__id__":40},"_alignFlags":4,"_bottom":-330}],"_position":{"__type__":"cc.Vec3","y":-330},"_scale":{"__type__":"cc.Vec3","x":1,"y":1,"z":1}},{"__type__":"cc.Node","_name":"bg_bottom","_parent":{"__id__":40},"_children":[{"__id__":42},{"__id__":43},{"__id__":44},{"__id__":45},{"__id__":46},{"__id__":47}],"_level":3,"_components":[{"__type__":"cc.Sprite","node":{"__id__":41},"_spriteFrame":{"__uuid__":"72QJTgn/xKeJvMIYzXZDpN"}}],"_contentSize":{"__type__":"cc.Size","width":1230,"height":74},"_scale":{"__type__":"cc.Vec3","x":1,"y":1,"z":1}},{"__type__":"cc.Node","_name":"btn_record","_parent":{"__id__":41},"_level":4,"_components":[{"__type__":"cc.Sprite","node":{"__id__":42},"_spriteFrame":{"__uuid__":"b7d0nTl/JPKrhH01HRQ3Mb"}},{"__type__":"cc.Button","node":{"__id__":42},"_N$transition":3,"transition":3}],"_contentSize":{"__type__":"cc.Size","width":120,"height":62},"_position":{"__type__":"cc.Vec3","x":-450},"_scale":{"__type__":"cc.Vec3","x":1,"y":1,"z":1}},{"__type__":"cc.Node","_name":"btn_rank","_parent":{"__id__":41},"_level":4,"_components":[{"__type__":"cc.Sprite","node":{"__id__":43},"_spriteFrame":{"__uuid__":"16u0UGrD5Bb7nI61GCzOKi"}},{"__type__":"cc.Button","node":{"__id__":43},"_N$transition":3,"transition":3}],"_contentSize":{"__type__":"cc.Size","width":161,"height":61},"_position":{"__type__":"cc.Vec3","x":-250},"_scale":{"__type__":"cc.Vec3","x":1,"y":1,"z":1}},{"__type__":"cc.Node","_name":"btn_bank","_parent":{"__id__":41},"_level":4,"_components":[{"__type__":"cc.Sprite","node":{"__id__":44},"_spriteFrame":{"__uuid__":"03t4vxQ4xEUqi0cc4O9Snq"}},{"__type__":"cc.Button","node":{"__id__":44},"_N$transition":3,"transition":3}],"_contentSize":{"__type__":"cc.Size","width":159,"height":61},"_position":{"__type__":"cc.Vec3","x":-50},"_scale":{"__type__":"cc.Vec3","x":1,"y":1,"z":1}},{"__type__":"cc.Node","_name":"btn_mail","_parent":{"__id__":41},"_level":4,"_components":[{"__type__":"cc.Sprite","node":{"__id__":45},"_spriteFrame":{"__uuid__":"5coz99l55KLK9HrYPmhemD"}},{"__type__":"cc.Button","node":{"__id__":45},"_N$transition":3,"transition":3}],"_contentSize":{"__type__":"cc.Size","width":122,"height":50},"_position":{"__type__":"cc.Vec3","x":150},"_scale":{"__type__":"cc.Vec3","x":1,"y":1,"z":1}},{"__type__":"cc.Node","_name":"btn_setting","_parent":{"__id__":41},"_level":4,"_components":[{"__type__":"cc.Sprite","node":{"__id__":46},"_spriteFrame":{"__uuid__":"c00sjVGppD54Uc5nTRPdd8"}},{"__type__":"cc.Button","node":{"__id__":46},"_N$transition":3,"transition":3}],"_contentSize":{"__type__":"cc.Size","width":121,"height":60},"_position":{"__type__":"cc.Vec3","x":300},"_scale":{"__type__":"cc.Vec3","x":1,"y":1,"z":1}},{"__type__":"cc.Node","_name":"btn_shop","_parent":{"__id__":41},"_level":4,"_components":[{"__type__":"cc.Sprite","node":{"__id__":47},"_spriteFrame":{"__uuid__":"c9QUbWIptKAomwYGVf1z7b"}},{"__type__":"cc.Button","node":{"__id__":47},"_N$transition":3,"transition":3}],"_contentSize":{"__type__":"cc.Size","width":151,"height":110},"_position":{"__type__":"cc.Vec3","x":500,"y":20},"_scale":{"__type__":"cc.Vec3","x":1,"y":1,"z":1}},{"__type__":"cc.Node","_name":"notice","_parent":{"__id__":5},"_level":2,"_components":[{"__type__":"cc.Sprite","node":{"__id__":48},"_spriteFrame":{"__uuid__":"44xm9kxf1M/7o/TDcJAIcL"},"_sizeMode":0}],"_prefab":{"__type__":"cc.PrefabInfo","root":{"__id__":48},"asset":{"__uuid__":"8b5kiA4HJA+4SEdenhZSWK"},"fileId":"4axIfNaXhFxr/7zIuQyGyh"},"_contentSize":{"__type__":"cc.Size","width":700,"height":55},"_position":{"__type__":"cc.Vec3","x":-25,"y":230},"_scale":{"__type__":"cc.Vec3","x":1,"y":1,"z":1}}],{"__type__":"cc.SpriteFrame","content":{"name":"btn_record","texture":"426xtOolBH4JkaplE1TiMH","rect":[0,0,120,62],"offset":[-0.5,0],"originalSize":[121,62],"capInsets":[0,0,0,0]}},{"__type__":"cc.SpriteFrame","content":{"name":"item_FISH","texture":"26w+aQMLZNO7gVc8HOMEuN","rect":[0,0,296,209],"offset":[0,0],"originalSize":[296,209],"capInsets":[0,0,0,0]}},{"__type__":"cc.SpriteFrame","content":{"name":"btn_setting","texture":"5bSduajClDdo8h2KuBHKqU","rect":[0,0,121,60],"offset":[0,0],"originalSize":[121,60],"capInsets":[0,0,0,0]}},{"__type__":"cc.SpriteFrame","content":{"name":"btn_shop","texture":"c3h2wFWZNOmIcBINUnvsgN","rect":[0,0,151,110],"offset":[0,0],"originalSize":[151,110],"capInsets":[0,0,0,0]}},{"__type__":"cc.SpriteFrame","content":{"name":"bg_top","texture":"7bdONIXDZK2ZO+FfrOapYP","rect":[0,0,834,103],"offset":[0,0],"originalSize":[834,103],"capInsets":[0,0,0,0]}},{"__type__":"cc.SpriteFrame","content":{"name":"bg_head","texture":"edLH8o9E5JRZS0SKaNXWTW","rect":[0,0,94,94],"offset":[0,0],"originalSize":[94,94],"capInsets":[0,0,0,0]}},{"__type__":"cc.SpriteFrame","content":{"name":"bg_sansi_mask","texture":"7480S31SREFpG1X1f/Ss6F","rect":[0,0,1920,1080],"offset":[0,0],"originalSize":[1920,1080],"capInsets":[0,0,0,0]}},{"__type__":"cc.SpriteFrame","content":{"name":"item_NN","texture":"c9NfRXqd5L4o7Z8/eTAAQF","rect":[0,3,296,210],"offset":[0,-1.5],"originalSize":[296,213],"capInsets":[0,0,0,0]}}]