[[{"__type__":"cc.Prefab","_name":"chip_10","data":{"__id__":1}},{"__type__":"cc.Node","_name":"chip_10","_level":5,"_components":[{"__type__":"cc.Sprite","node":{"__id__":1},"_spriteFrame":{"__uuid__":"82vqJMyV5Mo6Q30W2MpJ1G"}}],"_prefab":{"__type__":"cc.PrefabInfo","root":{"__id__":1},"asset":{"__id__":0},"fileId":"e38Ihr16hFQbjiN/Rqi4G4"},"_contentSize":{"__type__":"cc.Size","width":94,"height":97},"_position":{"__type__":"cc.Vec3","x":-153.5},"_scale":{"__type__":"cc.Vec3","x":1,"y":1,"z":1}}],{"__type__":"cc.SpriteFrame","content":{"name":"slice01_10","texture":"91PGu9txBD3oSHAAh2MP+Z","rect":[0,193,94,97],"offset":[0,0],"originalSize":[94,97],"capInsets":[0,0,0,0]}}]