[[{"__type__":"cc.Prefab","_name":"chip_100","data":{"__id__":1}},{"__type__":"cc.Node","_name":"chip_100","_level":5,"_components":[{"__type__":"cc.Sprite","node":{"__id__":1},"_spriteFrame":{"__uuid__":"c0tdzlY6BE9a1+4PkoVo3d"}}],"_prefab":{"__type__":"cc.PrefabInfo","root":{"__id__":1},"asset":{"__id__":0},"fileId":"356bSk9YhLOKcgskmRwq8/"},"_contentSize":{"__type__":"cc.Size","width":93,"height":97},"_position":{"__type__":"cc.Vec3","x":154},"_scale":{"__type__":"cc.Vec3","x":1,"y":1,"z":1}}],{"__type__":"cc.SpriteFrame","content":{"name":"slice01_100","texture":"91PGu9txBD3oSHAAh2MP+Z","rect":[0,386,93,97],"offset":[0,0],"originalSize":[93,97],"capInsets":[0,0,0,0]}}]