[{"__type__":"cc.SpriteFrame","content":{"name":"win","texture":"b98+apZy1LX7r2ZHX8e5gu","rect":[0,0,148,120],"offset":[0,0],"originalSize":[148,120],"capInsets":[0,0,0,0]}},{"__type__":"cc.BitmapFont","_name":"win","spriteFrame":{"__uuid__":"62s+dwuF9OMId2azVTLamB"},"fontSize":40,"_fntConfig":{"commonHeight":40,"fontSize":40,"atlasName":"win.png","fontDefDictionary":{"43":{"rect":{"x":80,"y":72,"width":27,"height":28},"xOffset":0,"yOffset":0,"xAdvance":27},"45":{"rect":{"x":0,"y":107,"width":27,"height":13},"xOffset":0,"yOffset":0,"xAdvance":27},"46":{"rect":{"x":129,"y":35,"width":15,"height":14},"xOffset":0,"yOffset":0,"xAdvance":15},"48":{"rect":{"x":0,"y":37,"width":29,"height":35},"xOffset":0,"yOffset":0,"xAdvance":29},"49":{"rect":{"x":129,"y":0,"width":19,"height":35},"xOffset":0,"yOffset":0,"xAdvance":19},"50":{"rect":{"x":102,"y":35,"width":27,"height":35},"xOffset":0,"yOffset":0,"xAdvance":27},"51":{"rect":{"x":0,"y":72,"width":27,"height":35},"xOffset":0,"yOffset":0,"xAdvance":27},"52":{"rect":{"x":29,"y":37,"width":29,"height":35},"xOffset":0,"yOffset":0,"xAdvance":29},"53":{"rect":{"x":54,"y":72,"width":26,"height":35},"xOffset":0,"yOffset":0,"xAdvance":26},"54":{"rect":{"x":27,"y":72,"width":27,"height":35},"xOffset":0,"yOffset":0,"xAdvance":27},"55":{"rect":{"x":102,"y":0,"width":27,"height":35},"xOffset":0,"yOffset":0,"xAdvance":27},"56":{"rect":{"x":75,"y":35,"width":27,"height":35},"xOffset":0,"yOffset":0,"xAdvance":27},"57":{"rect":{"x":75,"y":0,"width":27,"height":35},"xOffset":0,"yOffset":0,"xAdvance":27},"19975":{"rect":{"x":38,"y":0,"width":37,"height":36},"xOffset":0,"yOffset":0,"xAdvance":37},"20159":{"rect":{"x":0,"y":0,"width":38,"height":37},"xOffset":0,"yOffset":0,"xAdvance":38}},"kerningDict":{}}}]