[{"__type__":"cc.SpriteFrame","content":{"name":"02","texture":"0cATrltK9G26DIsvq+nrf2","rect":[97,0,93,93],"offset":[0,0],"originalSize":[93,93],"capInsets":[0,0,0,0]}},{"__type__":"cc.SpriteFrame","content":{"name":"10","texture":"0cATrltK9G26DIsvq+nrf2","rect":[69,235,69,69],"offset":[0,0],"originalSize":[69,69],"capInsets":[0,0,0,0]}},{"__type__":"cc.SpriteFrame","content":{"name":"09","texture":"0cATrltK9G26DIsvq+nrf2","rect":[0,235,69,69],"offset":[0,0],"originalSize":[69,69],"capInsets":[0,0,0,0]}},{"__type__":"cc.SpriteFrame","content":{"name":"01","texture":"0cATrltK9G26DIsvq+nrf2","rect":[0,0,97,97],"offset":[0,0],"originalSize":[97,97],"capInsets":[0,0,0,0]}},{"__type__":"cc.SpriteFrame","content":{"name":"08","texture":"0cATrltK9G26DIsvq+nrf2","rect":[138,166,69,69],"offset":[0,0],"originalSize":[69,69],"capInsets":[0,0,0,0]}},{"__type__":"cc.SpriteFrame","content":{"name":"04","texture":"0cATrltK9G26DIsvq+nrf2","rect":[69,97,69,69],"offset":[0,0],"originalSize":[69,69],"capInsets":[0,0,0,0]}},{"__type__":"cc.SpriteFrame","content":{"name":"05","texture":"0cATrltK9G26DIsvq+nrf2","rect":[138,97,69,69],"offset":[0,0],"originalSize":[69,69],"capInsets":[0,0,0,0]}},{"__type__":"cc.SpriteAtlas","_name":"BMW.plist","_spriteFrames":{"10":{"__uuid__":"2bhUI6L35Hy4F/2VCairHp"},"01":{"__uuid__":"4a/huFisZO2bT62HIA4h66"},"02":{"__uuid__":"09CZQyRz5AJ4k/jxfdveQi"},"03":{"__uuid__":"f2U/G499BOd6HmfMvJwNjy"},"04":{"__uuid__":"69zGlC45FMw4oQqdXx0ert"},"05":{"__uuid__":"6fauk0yI1F37iNu4/aF7xw"},"06":{"__uuid__":"efes1bR4RL6KEE3rqriSpP"},"07":{"__uuid__":"dbfUgJ79FClIw4BEdHrR1t"},"08":{"__uuid__":"5ab4c1+EdJxoMSiJRd1aKl"},"09":{"__uuid__":"33XM+PpYtEg752qfNpxACg"}}},{"__type__":"cc.SpriteFrame","content":{"name":"07","texture":"0cATrltK9G26DIsvq+nrf2","rect":[69,166,69,69],"offset":[0,0],"originalSize":[69,69],"capInsets":[0,0,0,0]}},{"__type__":"cc.SpriteFrame","content":{"name":"06","texture":"0cATrltK9G26DIsvq+nrf2","rect":[0,166,69,69],"offset":[0,0],"originalSize":[69,69],"capInsets":[0,0,0,0]}},{"__type__":"cc.SpriteFrame","content":{"name":"03","texture":"0cATrltK9G26DIsvq+nrf2","rect":[0,97,69,69],"offset":[0,0],"originalSize":[69,69],"capInsets":[0,0,0,0]}}]