[{"__type__":"cc.SpriteFrame","content":{"name":"bar_1_0","texture":"00Ks5HlsRG+oLpGmFnOIyN","rect":[0,0,637,44],"offset":[0,0],"originalSize":[637,44],"capInsets":[0,0,0,0]}},[{"__type__":"cc.SceneAsset","_name":"LoadingScene","scene":{"__id__":1},"asyncLoadAssets":null},{"__type__":"cc.Scene","_name":"New Node","_children":[{"__id__":2}],"_anchorPoint":{"__type__":"cc.Vec2"},"_scale":{"__type__":"cc.Vec3","x":0.31820746527777777,"y":0.31820746527777777,"z":1},"autoReleaseAssets":false},{"__type__":"cc.Node","_name":"Canvas","_parent":{"__id__":1},"_children":[{"__id__":3},{"__id__":4},{"__id__":7}],"_components":[{"__type__":"cc.Canvas","node":{"__id__":2},"_designResolution":{"__type__":"cc.Size","width":1280,"height":720},"_fitWidth":true,"_fitHeight":false},{"__type__":"37441Lr10FFJa12CXgBp1/o","node":{"__id__":2}},{"__type__":"784d9pPIItLCqPzv9RSBcPl","node":{"__id__":2}}],"_contentSize":{"__type__":"cc.Size","width":1280,"height":720},"_position":{"__type__":"cc.Vec3","x":640,"y":360},"_scale":{"__type__":"cc.Vec3","x":1,"y":1,"z":1},"_id":"a2cc6OfnyhBr7epsH2Ym3cq"},{"__type__":"cc.Node","_name":"Main Camera","_parent":{"__id__":2},"_level":1,"_components":[{"__type__":"cc.Camera","node":{"__id__":3},"_clearFlags":7,"_depth":-1}],"_scale":{"__type__":"cc.Vec3","x":1,"y":1,"z":1}},{"__type__":"cc.Node","_name":"ndLogo","_parent":{"__id__":2},"_children":[{"__id__":5},{"__id__":6}],"_components":[{"__type__":"cc.Widget","node":{"__id__":4},"alignMode":0,"_alignFlags":45}],"_contentSize":{"__type__":"cc.Size","width":1280,"height":720},"_scale":{"__type__":"cc.Vec3","x":1,"y":1,"z":1}},{"__type__":"cc.Node","_name":"bg","_parent":{"__id__":4},"_components":[{"__type__":"cc.Sprite","node":{"__id__":5},"_spriteFrame":{"__uuid__":"f4yn0f2v5NyJ50wvDCwoLr"},"_sizeMode":0,"_isTrimmedMode":false}],"_contentSize":{"__type__":"cc.Size","width":1024,"height":768},"_scale":{"__type__":"cc.Vec3","x":1.5,"y":1.5,"z":1}},{"__type__":"cc.Node","_name":"lbTips","_parent":{"__id__":4},"_components":[{"__type__":"cc.Label","node":{"__id__":6},"_useOriginalSize":false,"_string":"正在检查系统环境，请稍候片刻...","_N$string":"正在检查系统环境，请稍候片刻...","_fontSize":32,"_lineHeight":32,"_N$horizontalAlign":1,"_N$verticalAlign":1,"_N$fontFamily":"黑体"},{"__type__":"cc.Widget","node":{"__id__":6},"alignMode":2,"_alignFlags":20,"_bottom":53.5,"_verticalCenter":-326}],"_contentSize":{"__type__":"cc.Size","width":472,"height":32},"_position":{"__type__":"cc.Vec3","y":-290.5},"_scale":{"__type__":"cc.Vec3","x":1,"y":1,"z":1}},{"__type__":"cc.Node","_name":"ndBar","_parent":{"__id__":2},"_children":[{"__id__":8},{"__id__":9},{"__id__":11}],"_components":[{"__type__":"cc.Widget","node":{"__id__":7},"alignMode":0,"_alignFlags":20,"_bottom":134.5}],"_position":{"__type__":"cc.Vec3","y":-225.5},"_scale":{"__type__":"cc.Vec3","x":1,"y":1,"z":1}},{"__type__":"cc.Node","_name":"bar_1_0","_parent":{"__id__":7},"_components":[{"__type__":"cc.Sprite","node":{"__id__":8},"_spriteFrame":{"__uuid__":"04W/ENMYFOyZT4ZSBa8jIF"},"_sizeMode":0}],"_color":{"__type__":"cc.Color","r":180,"g":164,"b":46},"_contentSize":{"__type__":"cc.Size","width":1220,"height":44},"_scale":{"__type__":"cc.Vec3","x":1,"y":1,"z":1}},{"__type__":"cc.Node","_name":"loading","_parent":{"__id__":7},"_components":[{"__id__":10},{"__type__":"cc.ProgressBar","node":{"__id__":9},"_N$totalLength":1200,"_N$barSprite":{"__id__":10},"_N$progress":0.4}],"_contentSize":{"__type__":"cc.Size","width":480,"height":22},"_anchorPoint":{"__type__":"cc.Vec2","y":0.5},"_position":{"__type__":"cc.Vec3","x":-600,"y":6},"_scale":{"__type__":"cc.Vec3","x":1,"y":1,"z":1}},{"__type__":"cc.Sprite","node":{"__id__":9},"_spriteFrame":{"__uuid__":"7edvWW4N9KxaXoBR5VlWFZ"},"_type":1,"_sizeMode":0,"_isTrimmedMode":false},{"__type__":"cc.Node","_name":"lbPer","_parent":{"__id__":7},"_components":[{"__type__":"cc.Label","node":{"__id__":11},"_useOriginalSize":false,"_string":"0%","_N$string":"0%","_fontSize":35,"_lineHeight":35,"_N$horizontalAlign":1,"_N$verticalAlign":1}],"_contentSize":{"__type__":"cc.Size","width":50.59,"height":35},"_position":{"__type__":"cc.Vec3","y":-26},"_scale":{"__type__":"cc.Vec3","x":1,"y":1,"z":1}}],{"__type__":"cc.SpriteFrame","content":{"name":"bar_1_1","texture":"d3GqEZvM5JI4Wv1ziqcugT","rect":[8,5,621,22],"offset":[0,6],"originalSize":[637,44],"capInsets":[0,0,0,0]}},{"__type__":"cc.SpriteFrame","content":{"name":"bg_sansi_mask","texture":"7480S31SREFpG1X1f/Ss6F","rect":[0,0,1920,1080],"offset":[0,0],"originalSize":[1920,1080],"capInsets":[0,0,0,0]}}]