[{"__type__":"cc.SpriteFrame","content":{"name":"bg_coin","texture":"4bFN0X2GlFAYG631omhJXA","rect":[0,0,82,43],"offset":[0,0],"originalSize":[82,43],"capInsets":[0,0,0,0]}},{"__type__":"cc.SpriteFrame","content":{"name":"title_bg","texture":"ffLmJbfGlE8L/QDQjvehrj","rect":[0,0,573,150],"offset":[0,0],"originalSize":[573,150],"capInsets":[0,0,0,0]}},[{"__type__":"cc.SceneAsset","_name":"GameScene_hongbao","scene":{"__id__":1},"asyncLoadAssets":null},{"__type__":"cc.Scene","_name":"New Node","_children":[{"__id__":2}],"_anchorPoint":{"__type__":"cc.Vec2"},"_scale":{"__type__":"cc.Vec3","x":0.31820746527777777,"y":0.31820746527777777,"z":1},"autoReleaseAssets":false},{"__type__":"cc.Node","_name":"Canvas","_parent":{"__id__":1},"_children":[{"__id__":3},{"__id__":4},{"__id__":5}],"_components":[{"__type__":"cc.Canvas","node":{"__id__":2},"_designResolution":{"__type__":"cc.Size","width":1280,"height":720}},{"__type__":"356314mx0lNa7DihGvhYuCG","node":{"__id__":2}}],"_contentSize":{"__type__":"cc.Size","width":1280,"height":720},"_position":{"__type__":"cc.Vec3","x":640,"y":360},"_scale":{"__type__":"cc.Vec3","x":1,"y":1,"z":1},"_id":"f81ce/XyNA+bZzZShtNLnc"},{"__type__":"cc.Node","_name":"Main Camera","_parent":{"__id__":2},"_level":1,"_components":[{"__type__":"cc.Camera","node":{"__id__":3},"_clearFlags":7,"_depth":-1}],"_scale":{"__type__":"cc.Vec3","x":1,"y":1,"z":1}},{"__type__":"cc.Node","_name":"bg","_parent":{"__id__":2},"_level":1,"_components":[{"__type__":"cc.Sprite","node":{"__id__":4},"_spriteFrame":{"__uuid__":"4e5rur/V1FJqbmUkh/XTBl"}}],"_contentSize":{"__type__":"cc.Size","width":1630,"height":750},"_scale":{"__type__":"cc.Vec3","x":1,"y":1,"z":1}},{"__type__":"cc.Node","_name":"content","_parent":{"__id__":2},"_children":[{"__id__":6},{"__id__":17},{"__id__":38}],"_level":1,"_scale":{"__type__":"cc.Vec3","x":1,"y":1,"z":1}},{"__type__":"cc.Node","_name":"top","_parent":{"__id__":5},"_children":[{"__id__":7},{"__id__":8},{"__id__":14},{"__id__":15},{"__id__":16}],"_level":2,"_position":{"__type__":"cc.Vec3","y":310},"_scale":{"__type__":"cc.Vec3","x":1,"y":1,"z":1}},{"__type__":"cc.Node","_name":"icon_return","_parent":{"__id__":6},"_level":3,"_components":[{"__type__":"cc.Sprite","node":{"__id__":7},"_spriteFrame":{"__uuid__":"27eXsn6IxOuaYIL229Clff"}},{"__type__":"cc.Button","node":{"__id__":7},"clickEvents":[{"__type__":"cc.ClickEvent","target":{"__id__":2},"_componentId":"356314mx0lNa7DihGvhYuCG","handler":"onBtnClicked","customEventData":"exit"}],"_N$transition":3,"transition":3}],"_contentSize":{"__type__":"cc.Size","width":58,"height":63},"_position":{"__type__":"cc.Vec3","x":-550},"_scale":{"__type__":"cc.Vec3","x":1,"y":1,"z":1}},{"__type__":"cc.Node","_name":"zhuang","_parent":{"__id__":6},"_children":[{"__id__":9}],"_level":3,"_scale":{"__type__":"cc.Vec3","x":1,"y":1,"z":1}},{"__type__":"cc.Node","_name":"title_bg","_parent":{"__id__":8},"_children":[{"__id__":10},{"__id__":11},{"__id__":12}],"_level":4,"_components":[{"__type__":"cc.Sprite","node":{"__id__":9},"_spriteFrame":{"__uuid__":"0baR/8t79GTKRFGO1fSSPq"}}],"_contentSize":{"__type__":"cc.Size","width":573,"height":150},"_scale":{"__type__":"cc.Vec3","x":1,"y":1,"z":1}},{"__type__":"cc.Node","_name":"bg_head","_parent":{"__id__":9},"_level":5,"_components":[{"__type__":"cc.Sprite","node":{"__id__":10},"_spriteFrame":{"__uuid__":"45JKIScmND1pjAmOW+DsHG"}}],"_contentSize":{"__type__":"cc.Size","width":94,"height":94},"_position":{"__type__":"cc.Vec3","x":-120},"_scale":{"__type__":"cc.Vec3","x":1,"y":1,"z":1}},{"__type__":"cc.Node","_name":"username","_parent":{"__id__":9},"_level":5,"_components":[{"__type__":"cc.Label","node":{"__id__":11},"_useOriginalSize":false,"_string":"情敌不二家","_N$string":"情敌不二家","_fontSize":15.5,"_lineHeight":30,"_enableWrapText":false,"_N$verticalAlign":1,"_N$overflow":1,"_N$cacheMode":2}],"_contentSize":{"__type__":"cc.Size","width":120,"height":40},"_position":{"__type__":"cc.Vec3","x":-15},"_scale":{"__type__":"cc.Vec3","x":1,"y":1,"z":1}},{"__type__":"cc.Node","_name":"btn_zhuang","_parent":{"__id__":9},"_children":[{"__id__":13}],"_level":5,"_components":[{"__type__":"cc.Sprite","node":{"__id__":12},"_spriteFrame":{"__uuid__":"91Wzwjw7VJj4zxEvCit3qF"}},{"__type__":"cc.Button","node":{"__id__":12},"_N$transition":3,"transition":3}],"_contentSize":{"__type__":"cc.Size","width":186,"height":79},"_position":{"__type__":"cc.Vec3","x":120},"_scale":{"__type__":"cc.Vec3","x":1,"y":1,"z":1}},{"__type__":"cc.Node","_name":"ask_lei","_parent":{"__id__":12},"_level":6,"_components":[{"__type__":"cc.Label","node":{"__id__":13},"_useOriginalSize":false,"_string":"申请埋雷","_N$string":"申请埋雷","_fontSize":30,"_N$horizontalAlign":1,"_N$verticalAlign":1}],"_contentSize":{"__type__":"cc.Size","width":120,"height":40},"_position":{"__type__":"cc.Vec3","y":5},"_scale":{"__type__":"cc.Vec3","x":1,"y":1,"z":1}},{"__type__":"cc.Node","_name":"btn_bank","_parent":{"__id__":6},"_level":3,"_components":[{"__type__":"cc.Sprite","node":{"__id__":14},"_spriteFrame":{"__uuid__":"7djWrfPiBIvK32QQqNiDqa"}},{"__type__":"cc.Button","node":{"__id__":14},"_N$transition":3,"transition":3}],"_contentSize":{"__type__":"cc.Size","width":74,"height":74},"_position":{"__type__":"cc.Vec3","x":400},"_scale":{"__type__":"cc.Vec3","x":1,"y":1,"z":1}},{"__type__":"cc.Node","_name":"btn_charge","_parent":{"__id__":6},"_level":3,"_components":[{"__type__":"cc.Sprite","node":{"__id__":15},"_spriteFrame":{"__uuid__":"5dLXHgb81L3rlYeTLkmKss"}},{"__type__":"cc.Button","node":{"__id__":15},"_N$transition":3,"transition":3}],"_contentSize":{"__type__":"cc.Size","width":74,"height":74},"_position":{"__type__":"cc.Vec3","x":480},"_scale":{"__type__":"cc.Vec3","x":1,"y":1,"z":1}},{"__type__":"cc.Node","_name":"btn_more","_parent":{"__id__":6},"_level":3,"_components":[{"__type__":"cc.Sprite","node":{"__id__":16},"_spriteFrame":{"__uuid__":"dbJkmW0ABL5rHN/8KyI+As"}},{"__type__":"cc.Button","node":{"__id__":16},"_N$transition":3,"transition":3}],"_contentSize":{"__type__":"cc.Size","width":74,"height":74},"_position":{"__type__":"cc.Vec3","x":560},"_scale":{"__type__":"cc.Vec3","x":1,"y":1,"z":1}},{"__type__":"cc.Node","_name":"center","_parent":{"__id__":5},"_children":[{"__id__":18},{"__id__":19},{"__id__":36},{"__id__":37}],"_level":2,"_position":{"__type__":"cc.Vec3","y":-40},"_scale":{"__type__":"cc.Vec3","x":1,"y":1,"z":1}},{"__type__":"cc.Node","_name":"player_list_bg","_parent":{"__id__":17},"_level":3,"_components":[{"__type__":"cc.Sprite","node":{"__id__":18},"_spriteFrame":{"__uuid__":"65EicGi21AwbyX0g27yJUw"}}],"_contentSize":{"__type__":"cc.Size","width":268,"height":584},"_position":{"__type__":"cc.Vec3","x":-450},"_scale":{"__type__":"cc.Vec3","x":1,"y":1,"z":1}},{"__type__":"cc.Node","_name":"gameinfo","_parent":{"__id__":17},"_children":[{"__id__":20},{"__id__":33}],"_level":3,"_contentSize":{"__type__":"cc.Size","width":80,"height":50},"_position":{"__type__":"cc.Vec3","y":275},"_scale":{"__type__":"cc.Vec3","x":1,"y":1,"z":1}},{"__type__":"cc.Node","_name":"row","_parent":{"__id__":19},"_children":[{"__id__":21},{"__id__":22},{"__id__":25},{"__id__":26},{"__id__":29},{"__id__":30}],"_level":4,"_scale":{"__type__":"cc.Vec3","x":1,"y":1,"z":1}},{"__type__":"cc.Node","_name":"total","_parent":{"__id__":20},"_level":5,"_components":[{"__type__":"cc.Label","node":{"__id__":21},"_useOriginalSize":false,"_string":"红包总金额","_N$string":"红包总金额","_fontSize":16,"_N$horizontalAlign":1,"_N$verticalAlign":1}],"_contentSize":{"__type__":"cc.Size","width":80,"height":40},"_position":{"__type__":"cc.Vec3","x":-190},"_scale":{"__type__":"cc.Vec3","x":1,"y":1,"z":1}},{"__type__":"cc.Node","_name":"bg_coin","_parent":{"__id__":20},"_children":[{"__id__":23},{"__id__":24}],"_level":5,"_components":[{"__type__":"cc.Sprite","node":{"__id__":22},"_spriteFrame":{"__uuid__":"06RA9ueIxKcIdSMrDKa+Dx"},"_type":1,"_sizeMode":0}],"_contentSize":{"__type__":"cc.Size","width":175,"height":39},"_position":{"__type__":"cc.Vec3","x":-100},"_scale":{"__type__":"cc.Vec3","x":0.5,"y":0.5,"z":1}},{"__type__":"cc.Node","_name":"img_coin","_parent":{"__id__":22},"_level":5,"_components":[{"__type__":"cc.Sprite","node":{"__id__":23},"_spriteFrame":{"__uuid__":"9dMFOZ8OJP4IXkl88REBzd"}}],"_contentSize":{"__type__":"cc.Size","width":48,"height":49},"_position":{"__type__":"cc.Vec3","x":-70},"_scale":{"__type__":"cc.Vec3","x":0.8,"y":0.8,"z":1}},{"__type__":"cc.Node","_name":"total_num","_parent":{"__id__":22},"_level":6,"_components":[{"__type__":"cc.Label","node":{"__id__":24},"_useOriginalSize":false,"_string":"10","_N$string":"10","_fontSize":36,"_N$horizontalAlign":1,"_N$verticalAlign":1}],"_contentSize":{"__type__":"cc.Size","width":40.04,"height":40},"_scale":{"__type__":"cc.Vec3","x":1,"y":1,"z":1}},{"__type__":"cc.Node","_name":"package","_parent":{"__id__":20},"_level":5,"_components":[{"__type__":"cc.Label","node":{"__id__":25},"_useOriginalSize":false,"_string":"包数","_N$string":"包数","_fontSize":16,"_N$horizontalAlign":1,"_N$verticalAlign":1}],"_contentSize":{"__type__":"cc.Size","width":32,"height":40},"_position":{"__type__":"cc.Vec3","x":-25},"_scale":{"__type__":"cc.Vec3","x":1,"y":1,"z":1}},{"__type__":"cc.Node","_name":"bg_coin","_parent":{"__id__":20},"_children":[{"__id__":27},{"__id__":28}],"_level":5,"_components":[{"__type__":"cc.Sprite","node":{"__id__":26},"_spriteFrame":{"__uuid__":"06RA9ueIxKcIdSMrDKa+Dx"},"_type":1,"_sizeMode":0}],"_contentSize":{"__type__":"cc.Size","width":175,"height":39},"_position":{"__type__":"cc.Vec3","x":45},"_scale":{"__type__":"cc.Vec3","x":0.5,"y":0.5,"z":1}},{"__type__":"cc.Node","_name":"icon_hb","_parent":{"__id__":26},"_level":6,"_components":[{"__type__":"cc.Sprite","node":{"__id__":27},"_spriteFrame":{"__uuid__":"499hFVcnRJRrLAdLKZxST1"}}],"_contentSize":{"__type__":"cc.Size","width":18,"height":27},"_position":{"__type__":"cc.Vec3","x":-80},"_scale":{"__type__":"cc.Vec3","x":1.5,"y":1.5,"z":1}},{"__type__":"cc.Node","_name":"package_num","_parent":{"__id__":26},"_level":6,"_components":[{"__type__":"cc.Label","node":{"__id__":28},"_useOriginalSize":false,"_string":"8","_N$string":"8","_fontSize":36,"_N$horizontalAlign":1,"_N$verticalAlign":1}],"_contentSize":{"__type__":"cc.Size","width":20.02,"height":40},"_scale":{"__type__":"cc.Vec3","x":1,"y":1,"z":1}},{"__type__":"cc.Node","_name":"lei","_parent":{"__id__":20},"_level":5,"_components":[{"__type__":"cc.Label","node":{"__id__":29},"_useOriginalSize":false,"_string":"雷号","_N$string":"雷号","_fontSize":16,"_N$horizontalAlign":1,"_N$verticalAlign":1}],"_contentSize":{"__type__":"cc.Size","width":32,"height":40},"_position":{"__type__":"cc.Vec3","x":120},"_scale":{"__type__":"cc.Vec3","x":1,"y":1,"z":1}},{"__type__":"cc.Node","_name":"bg_coin","_parent":{"__id__":20},"_children":[{"__id__":31},{"__id__":32}],"_level":5,"_components":[{"__type__":"cc.Sprite","node":{"__id__":30},"_spriteFrame":{"__uuid__":"06RA9ueIxKcIdSMrDKa+Dx"},"_type":1,"_sizeMode":0}],"_contentSize":{"__type__":"cc.Size","width":175,"height":39},"_position":{"__type__":"cc.Vec3","x":190},"_scale":{"__type__":"cc.Vec3","x":0.5,"y":0.5,"z":1}},{"__type__":"cc.Node","_name":"icon_hb","_parent":{"__id__":30},"_level":6,"_components":[{"__type__":"cc.Sprite","node":{"__id__":31},"_spriteFrame":{"__uuid__":"499hFVcnRJRrLAdLKZxST1"}}],"_contentSize":{"__type__":"cc.Size","width":18,"height":27},"_position":{"__type__":"cc.Vec3","x":-80},"_scale":{"__type__":"cc.Vec3","x":1.5,"y":1.5,"z":1}},{"__type__":"cc.Node","_name":"lei_num","_parent":{"__id__":30},"_level":6,"_components":[{"__type__":"cc.Label","node":{"__id__":32},"_useOriginalSize":false,"_string":"1","_N$string":"1","_fontSize":34,"_N$horizontalAlign":1,"_N$verticalAlign":1}],"_contentSize":{"__type__":"cc.Size","width":18.91,"height":40},"_scale":{"__type__":"cc.Vec3","x":1,"y":1,"z":1}},{"__type__":"cc.Node","_name":"row","_parent":{"__id__":19},"_children":[{"__id__":34}],"_level":4,"_scale":{"__type__":"cc.Vec3","x":1,"y":1,"z":1}},{"__type__":"cc.Node","_name":"qhb_get_bg","_parent":{"__id__":33},"_children":[{"__id__":35}],"_level":5,"_components":[{"__type__":"cc.Sprite","node":{"__id__":34},"_spriteFrame":{"__uuid__":"c3NgI0pb9B0pG+JT8mdoF7"}}],"_contentSize":{"__type__":"cc.Size","width":239,"height":52},"_position":{"__type__":"cc.Vec3","x":-1,"y":-28},"_scale":{"__type__":"cc.Vec3","x":0.6,"y":0.6,"z":1}},{"__type__":"cc.Node","_name":"timer","_parent":{"__id__":34},"_level":6,"_components":[{"__type__":"cc.Label","node":{"__id__":35},"_useOriginalSize":false,"_string":"剩余时间4秒","_N$string":"剩余时间4秒","_fontSize":24,"_N$horizontalAlign":1,"_N$verticalAlign":1}],"_contentSize":{"__type__":"cc.Size","width":133.35,"height":40},"_scale":{"__type__":"cc.Vec3","x":1,"y":1,"z":1}},{"__type__":"cc.Node","_name":"btn_hb","_parent":{"__id__":17},"_level":3,"_components":[{"__type__":"cc.Sprite","node":{"__id__":36},"_spriteFrame":{"__uuid__":"430y43iqFBmrdcGpVNi3VK"}},{"__type__":"cc.Button","node":{"__id__":36},"_N$transition":3,"transition":3}],"_contentSize":{"__type__":"cc.Size","width":297,"height":403},"_scale":{"__type__":"cc.Vec3","x":1,"y":1,"z":1}},{"__type__":"cc.Node","_name":"player_list_bg","_parent":{"__id__":17},"_level":3,"_components":[{"__type__":"cc.Sprite","node":{"__id__":37},"_spriteFrame":{"__uuid__":"65EicGi21AwbyX0g27yJUw"}}],"_contentSize":{"__type__":"cc.Size","width":268,"height":584},"_position":{"__type__":"cc.Vec3","x":450},"_scale":{"__type__":"cc.Vec3","x":1,"y":1,"z":1}},{"__type__":"cc.Node","_name":"bottom","_parent":{"__id__":5},"_children":[{"__id__":39},{"__id__":45}],"_level":2,"_position":{"__type__":"cc.Vec3","y":-290},"_scale":{"__type__":"cc.Vec3","x":1,"y":1,"z":1}},{"__type__":"cc.Node","_name":"player_bg","_parent":{"__id__":38},"_children":[{"__id__":40},{"__id__":41},{"__id__":44}],"_level":3,"_components":[{"__type__":"cc.Sprite","node":{"__id__":39},"_spriteFrame":{"__uuid__":"adi2mBEXFOer78Y0uNIrDH"}}],"_contentSize":{"__type__":"cc.Size","width":214,"height":101},"_position":{"__type__":"cc.Vec3","x":2},"_scale":{"__type__":"cc.Vec3","x":1,"y":1,"z":1}},{"__type__":"cc.Node","_name":"bg_head","_parent":{"__id__":39},"_level":4,"_components":[{"__type__":"cc.Sprite","node":{"__id__":40},"_spriteFrame":{"__uuid__":"45JKIScmND1pjAmOW+DsHG"}}],"_contentSize":{"__type__":"cc.Size","width":94,"height":94},"_position":{"__type__":"cc.Vec3","x":-50},"_scale":{"__type__":"cc.Vec3","x":1,"y":1,"z":1}},{"__type__":"cc.Node","_name":"bg_coin","_parent":{"__id__":39},"_children":[{"__id__":42},{"__id__":43}],"_level":4,"_components":[{"__type__":"cc.Sprite","node":{"__id__":41},"_spriteFrame":{"__uuid__":"06RA9ueIxKcIdSMrDKa+Dx"},"_type":1,"_sizeMode":0}],"_contentSize":{"__type__":"cc.Size","width":175,"height":39},"_position":{"__type__":"cc.Vec3","x":44,"y":-21},"_scale":{"__type__":"cc.Vec3","x":0.5,"y":0.5,"z":1}},{"__type__":"cc.Node","_name":"img_coin","_parent":{"__id__":41},"_level":5,"_components":[{"__type__":"cc.Sprite","node":{"__id__":42},"_spriteFrame":{"__uuid__":"9dMFOZ8OJP4IXkl88REBzd"}}],"_contentSize":{"__type__":"cc.Size","width":48,"height":49},"_position":{"__type__":"cc.Vec3","x":-70},"_scale":{"__type__":"cc.Vec3","x":0.8,"y":0.8,"z":1}},{"__type__":"cc.Node","_name":"coin_num","_parent":{"__id__":41},"_level":6,"_components":[{"__type__":"cc.Label","node":{"__id__":43},"_useOriginalSize":false,"_string":"10","_N$string":"10","_fontSize":36,"_N$horizontalAlign":1,"_N$verticalAlign":1}],"_contentSize":{"__type__":"cc.Size","width":40.04,"height":40},"_scale":{"__type__":"cc.Vec3","x":1,"y":1,"z":1}},{"__type__":"cc.Node","_name":"nickname","_parent":{"__id__":39},"_level":4,"_components":[{"__type__":"cc.Label","node":{"__id__":44},"_useOriginalSize":false,"_string":"大师兄","_N$string":"大师兄","_fontSize":16,"_enableWrapText":false,"_N$verticalAlign":1,"_N$overflow":1}],"_contentSize":{"__type__":"cc.Size","width":120,"height":40},"_position":{"__type__":"cc.Vec3","x":60,"y":10},"_scale":{"__type__":"cc.Vec3","x":1,"y":1,"z":1}},{"__type__":"cc.Node","_name":"btn_player_list","_parent":{"__id__":38},"_level":3,"_components":[{"__type__":"cc.Sprite","node":{"__id__":45},"_spriteFrame":{"__uuid__":"8fL+ltwmFB6Yh9YPfEEwwy"}},{"__type__":"cc.Button","node":{"__id__":45},"_N$transition":3,"transition":3}],"_contentSize":{"__type__":"cc.Size","width":103,"height":110},"_position":{"__type__":"cc.Vec3","x":200},"_scale":{"__type__":"cc.Vec3","x":1,"y":1,"z":1}}],{"__type__":"cc.SpriteFrame","content":{"name":"icon_return","texture":"cfhcH5kQtAjojQoOvSmYqX","rect":[0,0,58,63],"offset":[0,0],"originalSize":[58,63],"capInsets":[0,0,0,0]}},{"__type__":"cc.SpriteFrame","content":{"name":"btn_hb","texture":"85VgRvwnJFhK8R8X5oC8Hr","rect":[2,0,297,403],"offset":[1,3.5],"originalSize":[299,410],"capInsets":[0,0,0,0]}},{"__type__":"cc.SpriteFrame","content":{"name":"bg_head","texture":"6eV958tAdPDavEH5FD8Ijz","rect":[0,0,94,94],"offset":[0,0],"originalSize":[94,94],"capInsets":[0,0,0,0]}},{"__type__":"cc.SpriteFrame","content":{"name":"icon_hb","texture":"33IeuCYCBIzZjWPhEfZotu","rect":[0,0,18,27],"offset":[0,0],"originalSize":[18,27],"capInsets":[0,0,0,0]}},{"__type__":"cc.SpriteFrame","content":{"name":"QHB_bg","texture":"d1HJ8KpVhDqIWnWXFo1Lbn","rect":[0,0,1630,750],"offset":[0,0],"originalSize":[1630,750],"capInsets":[0,0,0,0]}},{"__type__":"cc.SpriteFrame","content":{"name":"btn_charge","texture":"9eG/nFCo1NeYRB8dGQ0sw4","rect":[0,0,74,74],"offset":[0,0],"originalSize":[74,74],"capInsets":[0,0,0,0]}},{"__type__":"cc.SpriteFrame","content":{"name":"player_list_bg","texture":"35RiGCbkNEqpqBx6YyKHvG","rect":[0,0,268,584],"offset":[0,0],"originalSize":[268,584],"capInsets":[0,0,0,0]}},{"__type__":"cc.SpriteFrame","content":{"name":"btn_bank","texture":"c6we/wCV5HbK0+a3Jjg2j8","rect":[0,0,74,74],"offset":[0,0],"originalSize":[74,74],"capInsets":[0,0,0,0]}},{"__type__":"cc.SpriteFrame","content":{"name":"btn_player_list","texture":"46NeN749BIfp/dVyxJr4u0","rect":[0,0,103,110],"offset":[0,0],"originalSize":[103,110],"capInsets":[0,0,0,0]}},{"__type__":"cc.SpriteFrame","content":{"name":"btn_green","texture":"5euJaB2c9L9Zl5sBGPjXPd","rect":[0,0,186,79],"offset":[0,0],"originalSize":[186,79],"capInsets":[0,0,0,0]}},{"__type__":"cc.SpriteFrame","content":{"name":"img_coin","texture":"d8e38Kq15OJ7JkO/NItYWc","rect":[0,0,48,49],"offset":[0,0],"originalSize":[48,49],"capInsets":[0,0,0,0]}},{"__type__":"cc.SpriteFrame","content":{"name":"player_bg","texture":"3dzUkvmMVEIYANBUySRK5q","rect":[0,0,214,101],"offset":[0,0],"originalSize":[214,101],"capInsets":[0,0,0,0]}},{"__type__":"cc.SpriteFrame","content":{"name":"qhb_get_bg","texture":"deBoPEL2BE/os8hw6BKFK6","rect":[0,0,239,52],"offset":[0,0],"originalSize":[239,52],"capInsets":[0,0,0,0]}},{"__type__":"cc.SpriteFrame","content":{"name":"btn_more","texture":"c44w3Kq4ZJ3qU/gWNaEFkC","rect":[0,0,74,74],"offset":[0,0],"originalSize":[74,74],"capInsets":[0,0,0,0]}}]