[{"__type__":"cc.SpriteFrame","content":{"name":"01","texture":"c5oPdAKFNJXKP/Ym7F0qCp","rect":[87,147,88,87],"offset":[0,0],"originalSize":[88,87],"capInsets":[0,0,0,0]}},{"__type__":"cc.SpriteFrame","content":{"name":"05","texture":"c5oPdAKFNJXKP/Ym7F0qCp","rect":[66,0,79,61],"offset":[0,0],"originalSize":[79,61],"capInsets":[0,0,0,0]}},{"__type__":"cc.SpriteFrame","content":{"name":"03","texture":"c5oPdAKFNJXKP/Ym7F0qCp","rect":[0,64,66,65],"offset":[0,0],"originalSize":[66,65],"capInsets":[0,0,0,0]}},{"__type__":"cc.SpriteFrame","content":{"name":"07","texture":"c5oPdAKFNJXKP/Ym7F0qCp","rect":[66,64,65,65],"offset":[0,0],"originalSize":[65,65],"capInsets":[0,0,0,0]}},{"__type__":"cc.SpriteFrame","content":{"name":"04","texture":"c5oPdAKFNJXKP/Ym7F0qCp","rect":[131,64,84,83],"offset":[0,0],"originalSize":[84,83],"capInsets":[0,0,0,0]}},{"__type__":"cc.SpriteFrame","content":{"name":"02","texture":"c5oPdAKFNJXKP/Ym7F0qCp","rect":[0,147,87,86],"offset":[0,0],"originalSize":[87,86],"capInsets":[0,0,0,0]}},{"__type__":"cc.SpriteAtlas","_name":"BMW_BetIcon.plist","_spriteFrames":{"01":{"__uuid__":"0cxwl3zI1Lv6dn3vKQcITL"},"02":{"__uuid__":"482MLjNH9GNZ5Th0ApoS3X"},"03":{"__uuid__":"23cyfv2fZLv49oYqdFZ0nV"},"04":{"__uuid__":"3ciJ9EsRdBK7h7vMC3duIH"},"05":{"__uuid__":"1bfZwIn5VHuqtpz9rYGwOz"},"06":{"__uuid__":"8a35y8jk9L3ojKPLnHjUwj"},"07":{"__uuid__":"2buyaxX4BLopq9si5lvHZC"},"08":{"__uuid__":"fdz4qArC9No7szkCovbHnt"}}},{"__type__":"cc.SpriteFrame","content":{"name":"06","texture":"c5oPdAKFNJXKP/Ym7F0qCp","rect":[0,0,66,51],"offset":[0,0],"originalSize":[66,51],"capInsets":[0,0,0,0]}},{"__type__":"cc.SpriteFrame","content":{"name":"08","texture":"c5oPdAKFNJXKP/Ym7F0qCp","rect":[145,0,63,64],"offset":[0,0],"originalSize":[63,64],"capInsets":[0,0,0,0]}}]