[{"__type__":"cc.BitmapFont","_name":"bmw","spriteFrame":{"__uuid__":"ddeKaIvfJHuoVttjN67noO"},"fontSize":40,"_fntConfig":{"commonHeight":40,"fontSize":40,"atlasName":"bmw.png","fontDefDictionary":{"48":{"rect":{"x":0,"y":31,"width":35,"height":31},"xOffset":0,"yOffset":0,"xAdvance":35},"49":{"rect":{"x":105,"y":26,"width":17,"height":31},"xOffset":0,"yOffset":0,"xAdvance":17},"50":{"rect":{"x":0,"y":0,"width":36,"height":31},"xOffset":0,"yOffset":0,"xAdvance":36},"51":{"rect":{"x":71,"y":0,"width":34,"height":31},"xOffset":0,"yOffset":0,"xAdvance":34},"52":{"rect":{"x":35,"y":31,"width":35,"height":31},"xOffset":0,"yOffset":0,"xAdvance":35},"53":{"rect":{"x":71,"y":31,"width":34,"height":31},"xOffset":0,"yOffset":0,"xAdvance":34},"54":{"rect":{"x":0,"y":62,"width":34,"height":31},"xOffset":0,"yOffset":0,"xAdvance":34},"55":{"rect":{"x":68,"y":62,"width":32,"height":31},"xOffset":0,"yOffset":0,"xAdvance":32},"56":{"rect":{"x":36,"y":0,"width":35,"height":31},"xOffset":0,"yOffset":0,"xAdvance":35},"57":{"rect":{"x":34,"y":62,"width":34,"height":31},"xOffset":0,"yOffset":0,"xAdvance":34},"120":{"rect":{"x":105,"y":0,"width":31,"height":26},"xOffset":0,"yOffset":0,"xAdvance":31}},"kerningDict":{}}},{"__type__":"cc.SpriteFrame","content":{"name":"bmw","texture":"75w1N782FIloQ0JxFsbvZ7","rect":[0,0,136,93],"offset":[0,0],"originalSize":[136,93],"capInsets":[0,0,0,0]}}]