[[{"__type__":"cc.Prefab","_name":"chip_300","data":{"__id__":1}},{"__type__":"cc.Node","_name":"chip_300","_level":5,"_components":[{"__type__":"cc.Sprite","node":{"__id__":1},"_spriteFrame":{"__uuid__":"cdPvNxJzxJXZAXUZx8bwRb"}}],"_prefab":{"__type__":"cc.PrefabInfo","root":{"__id__":1},"asset":{"__id__":0},"fileId":"fd7Zy6ahxKzoCUcvKc3nos"},"_contentSize":{"__type__":"cc.Size","width":94,"height":96},"_position":{"__type__":"cc.Vec3","x":307.5},"_scale":{"__type__":"cc.Vec3","x":1,"y":1,"z":1}}],{"__type__":"cc.SpriteFrame","content":{"name":"slice01_6","texture":"91PGu9txBD3oSHAAh2MP+Z","rect":[0,97,94,96],"offset":[0,0],"originalSize":[94,96],"capInsets":[0,0,0,0]}}]