[{"__type__":"cc.SpriteFrame","content":{"name":"img_coin","texture":"82aj49x8JAA6P0BTQ5favU","rect":[0,0,48,49],"offset":[0,0],"originalSize":[48,49],"capInsets":[0,0,0,0]}},{"__type__":"cc.SpriteFrame","content":{"name":"btn_add","texture":"9buhngVhxKbZiqv+xh783U","rect":[0,0,48,48],"offset":[0,0],"originalSize":[48,48],"capInsets":[0,0,0,0]}},{"__type__":"cc.SpriteFrame","content":{"name":"bg_coin","texture":"24kybZJx9OXabLskfC9PXj","rect":[0,0,300,68],"offset":[0,0],"originalSize":[300,68],"capInsets":[0,0,0,0]}},[{"__type__":"cc.Prefab","_name":"user_coin","data":{"__id__":1}},{"__type__":"cc.Node","_name":"user_coin","_children":[{"__id__":2},{"__id__":3}],"_level":4,"_components":[{"__type__":"cc.Sprite","node":{"__id__":1},"_spriteFrame":{"__uuid__":"7anmYkCG1EYKyWsZ3l5Pr6"}},{"__type__":"cc.Button","node":{"__id__":1},"_N$transition":3,"transition":3}],"_prefab":{"__type__":"cc.PrefabInfo","root":{"__id__":1},"asset":{"__uuid__":"84mvzmn5dNH6QbTdNJ1qtc"},"fileId":"42StrBX4FMhKbesOJNmAOa"},"_contentSize":{"__type__":"cc.Size","width":300,"height":68},"_position":{"__type__":"cc.Vec3","x":130},"_scale":{"__type__":"cc.Vec3","x":1,"y":1,"z":1}},{"__type__":"cc.Node","_name":"img_coin","_parent":{"__id__":1},"_level":5,"_components":[{"__type__":"cc.Sprite","node":{"__id__":2},"_spriteFrame":{"__uuid__":"04/RCJQcRLO7dTElfTgECn"}}],"_prefab":{"__type__":"cc.PrefabInfo","root":{"__id__":1},"asset":{"__uuid__":"84mvzmn5dNH6QbTdNJ1qtc"},"fileId":"f35TcKEiFEdqfW1Ld2wX2g"},"_contentSize":{"__type__":"cc.Size","width":48,"height":49},"_position":{"__type__":"cc.Vec3","x":-115},"_scale":{"__type__":"cc.Vec3","x":1,"y":1,"z":1}},{"__type__":"cc.Node","_name":"btn_add","_parent":{"__id__":1},"_level":5,"_components":[{"__type__":"cc.Sprite","node":{"__id__":3},"_spriteFrame":{"__uuid__":"134HdePuBIJISrEhPMLco6"}}],"_prefab":{"__type__":"cc.PrefabInfo","root":{"__id__":1},"asset":{"__uuid__":"84mvzmn5dNH6QbTdNJ1qtc"},"fileId":"e7ARws1vhNPrkfe0SeY5gc"},"_contentSize":{"__type__":"cc.Size","width":48,"height":48},"_position":{"__type__":"cc.Vec3","x":115},"_scale":{"__type__":"cc.Vec3","x":1,"y":1,"z":1}}]]