[{"__type__":"cc.LabelAtlas","_name":"LabelAtlas","spriteFrame":{"__uuid__":"c4Gvos34xOU7N093gVFLC7"},"fontSize":21.12,"_fntConfig":{"commonHeight":24,"fontSize":21,"atlasName":"gold_num_0","fontDefDictionary":{"19975":{"rect":{"x":0,"y":0,"width":"21.12","height":24},"xOffset":0,"yOffset":0,"xAdvance":"21.12"},"19976":{"rect":{"x":"21.12","y":0,"width":"21.12","height":24},"xOffset":0,"yOffset":0,"xAdvance":"21.12"},"19977":{"rect":{"x":"42.24","y":0,"width":"21.12","height":24},"xOffset":0,"yOffset":0,"xAdvance":"21.12"},"19978":{"rect":{"x":"63.36","y":0,"width":"21.12","height":24},"xOffset":0,"yOffset":0,"xAdvance":"21.12"},"19979":{"rect":{"x":"84.48","y":0,"width":"21.12","height":24},"xOffset":0,"yOffset":0,"xAdvance":"21.12"},"19980":{"rect":{"x":"105.60000000000001","y":0,"width":"21.12","height":24},"xOffset":0,"yOffset":0,"xAdvance":"21.12"},"19981":{"rect":{"x":"126.72000000000001","y":0,"width":"21.12","height":24},"xOffset":0,"yOffset":0,"xAdvance":"21.12"},"19982":{"rect":{"x":"147.84","y":0,"width":"21.12","height":24},"xOffset":0,"yOffset":0,"xAdvance":"21.12"},"19983":{"rect":{"x":"168.96","y":0,"width":"21.12","height":24},"xOffset":0,"yOffset":0,"xAdvance":"21.12"},"19984":{"rect":{"x":"190.08","y":0,"width":"21.12","height":24},"xOffset":0,"yOffset":0,"xAdvance":"21.12"},"19985":{"rect":{"x":"211.20000000000002","y":0,"width":"21.12","height":24},"xOffset":0,"yOffset":0,"xAdvance":"21.12"},"19986":{"rect":{"x":"232.32000000000002","y":0,"width":"21.12","height":24},"xOffset":0,"yOffset":0,"xAdvance":"21.12"},"19987":{"rect":{"x":0,"y":24,"width":"21.12","height":24},"xOffset":0,"yOffset":0,"xAdvance":"21.12"},"19988":{"rect":{"x":"21.12","y":24,"width":"21.12","height":24},"xOffset":0,"yOffset":0,"xAdvance":"21.12"},"19989":{"rect":{"x":"42.24","y":24,"width":"21.12","height":24},"xOffset":0,"yOffset":0,"xAdvance":"21.12"},"19990":{"rect":{"x":"63.36","y":24,"width":"21.12","height":24},"xOffset":0,"yOffset":0,"xAdvance":"21.12"},"19991":{"rect":{"x":"84.48","y":24,"width":"21.12","height":24},"xOffset":0,"yOffset":0,"xAdvance":"21.12"},"19992":{"rect":{"x":"105.60000000000001","y":24,"width":"21.12","height":24},"xOffset":0,"yOffset":0,"xAdvance":"21.12"},"19993":{"rect":{"x":"126.72000000000001","y":24,"width":"21.12","height":24},"xOffset":0,"yOffset":0,"xAdvance":"21.12"},"19994":{"rect":{"x":"147.84","y":24,"width":"21.12","height":24},"xOffset":0,"yOffset":0,"xAdvance":"21.12"},"19995":{"rect":{"x":"168.96","y":24,"width":"21.12","height":24},"xOffset":0,"yOffset":0,"xAdvance":"21.12"},"19996":{"rect":{"x":"190.08","y":24,"width":"21.12","height":24},"xOffset":0,"yOffset":0,"xAdvance":"21.12"},"19997":{"rect":{"x":"211.20000000000002","y":24,"width":"21.12","height":24},"xOffset":0,"yOffset":0,"xAdvance":"21.12"},"19998":{"rect":{"x":"232.32000000000002","y":24,"width":"21.12","height":24},"xOffset":0,"yOffset":0,"xAdvance":"21.12"},"19999":{"rect":{"x":0,"y":48,"width":"21.12","height":24},"xOffset":0,"yOffset":0,"xAdvance":"21.12"},"20000":{"rect":{"x":"21.12","y":48,"width":"21.12","height":24},"xOffset":0,"yOffset":0,"xAdvance":"21.12"},"20001":{"rect":{"x":"42.24","y":48,"width":"21.12","height":24},"xOffset":0,"yOffset":0,"xAdvance":"21.12"},"20002":{"rect":{"x":"63.36","y":48,"width":"21.12","height":24},"xOffset":0,"yOffset":0,"xAdvance":"21.12"},"20003":{"rect":{"x":"84.48","y":48,"width":"21.12","height":24},"xOffset":0,"yOffset":0,"xAdvance":"21.12"},"20004":{"rect":{"x":"105.60000000000001","y":48,"width":"21.12","height":24},"xOffset":0,"yOffset":0,"xAdvance":"21.12"},"20005":{"rect":{"x":"126.72000000000001","y":48,"width":"21.12","height":24},"xOffset":0,"yOffset":0,"xAdvance":"21.12"},"20006":{"rect":{"x":"147.84","y":48,"width":"21.12","height":24},"xOffset":0,"yOffset":0,"xAdvance":"21.12"},"20007":{"rect":{"x":"168.96","y":48,"width":"21.12","height":24},"xOffset":0,"yOffset":0,"xAdvance":"21.12"},"20008":{"rect":{"x":"190.08","y":48,"width":"21.12","height":24},"xOffset":0,"yOffset":0,"xAdvance":"21.12"},"20009":{"rect":{"x":"211.20000000000002","y":48,"width":"21.12","height":24},"xOffset":0,"yOffset":0,"xAdvance":"21.12"},"20010":{"rect":{"x":"232.32000000000002","y":48,"width":"21.12","height":24},"xOffset":0,"yOffset":0,"xAdvance":"21.12"},"20011":{"rect":{"x":0,"y":72,"width":"21.12","height":24},"xOffset":0,"yOffset":0,"xAdvance":"21.12"},"20012":{"rect":{"x":"21.12","y":72,"width":"21.12","height":24},"xOffset":0,"yOffset":0,"xAdvance":"21.12"},"20013":{"rect":{"x":"42.24","y":72,"width":"21.12","height":24},"xOffset":0,"yOffset":0,"xAdvance":"21.12"},"20014":{"rect":{"x":"63.36","y":72,"width":"21.12","height":24},"xOffset":0,"yOffset":0,"xAdvance":"21.12"},"20015":{"rect":{"x":"84.48","y":72,"width":"21.12","height":24},"xOffset":0,"yOffset":0,"xAdvance":"21.12"},"20016":{"rect":{"x":"105.60000000000001","y":72,"width":"21.12","height":24},"xOffset":0,"yOffset":0,"xAdvance":"21.12"},"20017":{"rect":{"x":"126.72000000000001","y":72,"width":"21.12","height":24},"xOffset":0,"yOffset":0,"xAdvance":"21.12"},"20018":{"rect":{"x":"147.84","y":72,"width":"21.12","height":24},"xOffset":0,"yOffset":0,"xAdvance":"21.12"},"20019":{"rect":{"x":"168.96","y":72,"width":"21.12","height":24},"xOffset":0,"yOffset":0,"xAdvance":"21.12"},"20020":{"rect":{"x":"190.08","y":72,"width":"21.12","height":24},"xOffset":0,"yOffset":0,"xAdvance":"21.12"},"20021":{"rect":{"x":"211.20000000000002","y":72,"width":"21.12","height":24},"xOffset":0,"yOffset":0,"xAdvance":"21.12"},"20022":{"rect":{"x":"232.32000000000002","y":72,"width":"21.12","height":24},"xOffset":0,"yOffset":0,"xAdvance":"21.12"},"20023":{"rect":{"x":0,"y":96,"width":"21.12","height":24},"xOffset":0,"yOffset":0,"xAdvance":"21.12"},"20024":{"rect":{"x":"21.12","y":96,"width":"21.12","height":24},"xOffset":0,"yOffset":0,"xAdvance":"21.12"},"20025":{"rect":{"x":"42.24","y":96,"width":"21.12","height":24},"xOffset":0,"yOffset":0,"xAdvance":"21.12"},"20026":{"rect":{"x":"63.36","y":96,"width":"21.12","height":24},"xOffset":0,"yOffset":0,"xAdvance":"21.12"},"20027":{"rect":{"x":"84.48","y":96,"width":"21.12","height":24},"xOffset":0,"yOffset":0,"xAdvance":"21.12"},"20028":{"rect":{"x":"105.60000000000001","y":96,"width":"21.12","height":24},"xOffset":0,"yOffset":0,"xAdvance":"21.12"},"20029":{"rect":{"x":"126.72000000000001","y":96,"width":"21.12","height":24},"xOffset":0,"yOffset":0,"xAdvance":"21.12"},"20030":{"rect":{"x":"147.84","y":96,"width":"21.12","height":24},"xOffset":0,"yOffset":0,"xAdvance":"21.12"},"20031":{"rect":{"x":"168.96","y":96,"width":"21.12","height":24},"xOffset":0,"yOffset":0,"xAdvance":"21.12"},"20032":{"rect":{"x":"190.08","y":96,"width":"21.12","height":24},"xOffset":0,"yOffset":0,"xAdvance":"21.12"},"20033":{"rect":{"x":"211.20000000000002","y":96,"width":"21.12","height":24},"xOffset":0,"yOffset":0,"xAdvance":"21.12"},"20034":{"rect":{"x":"232.32000000000002","y":96,"width":"21.12","height":24},"xOffset":0,"yOffset":0,"xAdvance":"21.12"},"20035":{"rect":{"x":0,"y":120,"width":"21.12","height":24},"xOffset":0,"yOffset":0,"xAdvance":"21.12"},"20036":{"rect":{"x":"21.12","y":120,"width":"21.12","height":24},"xOffset":0,"yOffset":0,"xAdvance":"21.12"},"20037":{"rect":{"x":"42.24","y":120,"width":"21.12","height":24},"xOffset":0,"yOffset":0,"xAdvance":"21.12"},"20038":{"rect":{"x":"63.36","y":120,"width":"21.12","height":24},"xOffset":0,"yOffset":0,"xAdvance":"21.12"},"20039":{"rect":{"x":"84.48","y":120,"width":"21.12","height":24},"xOffset":0,"yOffset":0,"xAdvance":"21.12"},"20040":{"rect":{"x":"105.60000000000001","y":120,"width":"21.12","height":24},"xOffset":0,"yOffset":0,"xAdvance":"21.12"},"20041":{"rect":{"x":"126.72000000000001","y":120,"width":"21.12","height":24},"xOffset":0,"yOffset":0,"xAdvance":"21.12"},"20042":{"rect":{"x":"147.84","y":120,"width":"21.12","height":24},"xOffset":0,"yOffset":0,"xAdvance":"21.12"},"20043":{"rect":{"x":"168.96","y":120,"width":"21.12","height":24},"xOffset":0,"yOffset":0,"xAdvance":"21.12"},"20044":{"rect":{"x":"190.08","y":120,"width":"21.12","height":24},"xOffset":0,"yOffset":0,"xAdvance":"21.12"},"20045":{"rect":{"x":"211.20000000000002","y":120,"width":"21.12","height":24},"xOffset":0,"yOffset":0,"xAdvance":"21.12"},"20046":{"rect":{"x":"232.32000000000002","y":120,"width":"21.12","height":24},"xOffset":0,"yOffset":0,"xAdvance":"21.12"},"20047":{"rect":{"x":0,"y":144,"width":"21.12","height":24},"xOffset":0,"yOffset":0,"xAdvance":"21.12"},"20048":{"rect":{"x":"21.12","y":144,"width":"21.12","height":24},"xOffset":0,"yOffset":0,"xAdvance":"21.12"},"20049":{"rect":{"x":"42.24","y":144,"width":"21.12","height":24},"xOffset":0,"yOffset":0,"xAdvance":"21.12"},"20050":{"rect":{"x":"63.36","y":144,"width":"21.12","height":24},"xOffset":0,"yOffset":0,"xAdvance":"21.12"},"20051":{"rect":{"x":"84.48","y":144,"width":"21.12","height":24},"xOffset":0,"yOffset":0,"xAdvance":"21.12"},"20052":{"rect":{"x":"105.60000000000001","y":144,"width":"21.12","height":24},"xOffset":0,"yOffset":0,"xAdvance":"21.12"},"20053":{"rect":{"x":"126.72000000000001","y":144,"width":"21.12","height":24},"xOffset":0,"yOffset":0,"xAdvance":"21.12"},"20054":{"rect":{"x":"147.84","y":144,"width":"21.12","height":24},"xOffset":0,"yOffset":0,"xAdvance":"21.12"},"20055":{"rect":{"x":"168.96","y":144,"width":"21.12","height":24},"xOffset":0,"yOffset":0,"xAdvance":"21.12"},"20056":{"rect":{"x":"190.08","y":144,"width":"21.12","height":24},"xOffset":0,"yOffset":0,"xAdvance":"21.12"},"20057":{"rect":{"x":"211.20000000000002","y":144,"width":"21.12","height":24},"xOffset":0,"yOffset":0,"xAdvance":"21.12"},"20058":{"rect":{"x":"232.32000000000002","y":144,"width":"21.12","height":24},"xOffset":0,"yOffset":0,"xAdvance":"21.12"},"20059":{"rect":{"x":0,"y":168,"width":"21.12","height":24},"xOffset":0,"yOffset":0,"xAdvance":"21.12"},"20060":{"rect":{"x":"21.12","y":168,"width":"21.12","height":24},"xOffset":0,"yOffset":0,"xAdvance":"21.12"},"20061":{"rect":{"x":"42.24","y":168,"width":"21.12","height":24},"xOffset":0,"yOffset":0,"xAdvance":"21.12"},"20062":{"rect":{"x":"63.36","y":168,"width":"21.12","height":24},"xOffset":0,"yOffset":0,"xAdvance":"21.12"},"20063":{"rect":{"x":"84.48","y":168,"width":"21.12","height":24},"xOffset":0,"yOffset":0,"xAdvance":"21.12"},"20064":{"rect":{"x":"105.60000000000001","y":168,"width":"21.12","height":24},"xOffset":0,"yOffset":0,"xAdvance":"21.12"},"20065":{"rect":{"x":"126.72000000000001","y":168,"width":"21.12","height":24},"xOffset":0,"yOffset":0,"xAdvance":"21.12"},"20066":{"rect":{"x":"147.84","y":168,"width":"21.12","height":24},"xOffset":0,"yOffset":0,"xAdvance":"21.12"},"20067":{"rect":{"x":"168.96","y":168,"width":"21.12","height":24},"xOffset":0,"yOffset":0,"xAdvance":"21.12"},"20068":{"rect":{"x":"190.08","y":168,"width":"21.12","height":24},"xOffset":0,"yOffset":0,"xAdvance":"21.12"},"20069":{"rect":{"x":"211.20000000000002","y":168,"width":"21.12","height":24},"xOffset":0,"yOffset":0,"xAdvance":"21.12"},"20070":{"rect":{"x":"232.32000000000002","y":168,"width":"21.12","height":24},"xOffset":0,"yOffset":0,"xAdvance":"21.12"},"20071":{"rect":{"x":0,"y":192,"width":"21.12","height":24},"xOffset":0,"yOffset":0,"xAdvance":"21.12"},"20072":{"rect":{"x":"21.12","y":192,"width":"21.12","height":24},"xOffset":0,"yOffset":0,"xAdvance":"21.12"},"20073":{"rect":{"x":"42.24","y":192,"width":"21.12","height":24},"xOffset":0,"yOffset":0,"xAdvance":"21.12"},"20074":{"rect":{"x":"63.36","y":192,"width":"21.12","height":24},"xOffset":0,"yOffset":0,"xAdvance":"21.12"},"20075":{"rect":{"x":"84.48","y":192,"width":"21.12","height":24},"xOffset":0,"yOffset":0,"xAdvance":"21.12"},"20076":{"rect":{"x":"105.60000000000001","y":192,"width":"21.12","height":24},"xOffset":0,"yOffset":0,"xAdvance":"21.12"},"20077":{"rect":{"x":"126.72000000000001","y":192,"width":"21.12","height":24},"xOffset":0,"yOffset":0,"xAdvance":"21.12"},"20078":{"rect":{"x":"147.84","y":192,"width":"21.12","height":24},"xOffset":0,"yOffset":0,"xAdvance":"21.12"},"20079":{"rect":{"x":"168.96","y":192,"width":"21.12","height":24},"xOffset":0,"yOffset":0,"xAdvance":"21.12"},"20080":{"rect":{"x":"190.08","y":192,"width":"21.12","height":24},"xOffset":0,"yOffset":0,"xAdvance":"21.12"},"20081":{"rect":{"x":"211.20000000000002","y":192,"width":"21.12","height":24},"xOffset":0,"yOffset":0,"xAdvance":"21.12"},"20082":{"rect":{"x":"232.32000000000002","y":192,"width":"21.12","height":24},"xOffset":0,"yOffset":0,"xAdvance":"21.12"},"20083":{"rect":{"x":0,"y":216,"width":"21.12","height":24},"xOffset":0,"yOffset":0,"xAdvance":"21.12"},"20084":{"rect":{"x":"21.12","y":216,"width":"21.12","height":24},"xOffset":0,"yOffset":0,"xAdvance":"21.12"},"20085":{"rect":{"x":"42.24","y":216,"width":"21.12","height":24},"xOffset":0,"yOffset":0,"xAdvance":"21.12"},"20086":{"rect":{"x":"63.36","y":216,"width":"21.12","height":24},"xOffset":0,"yOffset":0,"xAdvance":"21.12"},"20087":{"rect":{"x":"84.48","y":216,"width":"21.12","height":24},"xOffset":0,"yOffset":0,"xAdvance":"21.12"},"20088":{"rect":{"x":"105.60000000000001","y":216,"width":"21.12","height":24},"xOffset":0,"yOffset":0,"xAdvance":"21.12"},"20089":{"rect":{"x":"126.72000000000001","y":216,"width":"21.12","height":24},"xOffset":0,"yOffset":0,"xAdvance":"21.12"},"20090":{"rect":{"x":"147.84","y":216,"width":"21.12","height":24},"xOffset":0,"yOffset":0,"xAdvance":"21.12"},"20091":{"rect":{"x":"168.96","y":216,"width":"21.12","height":24},"xOffset":0,"yOffset":0,"xAdvance":"21.12"},"20092":{"rect":{"x":"190.08","y":216,"width":"21.12","height":24},"xOffset":0,"yOffset":0,"xAdvance":"21.12"},"20093":{"rect":{"x":"211.20000000000002","y":216,"width":"21.12","height":24},"xOffset":0,"yOffset":0,"xAdvance":"21.12"},"20094":{"rect":{"x":"232.32000000000002","y":216,"width":"21.12","height":24},"xOffset":0,"yOffset":0,"xAdvance":"21.12"}},"kerningDict":{}}},{"__type__":"cc.SpriteFrame","content":{"name":"gold_num_0","texture":"27oJ04JfJCH7+EY5+1zSGk","rect":[0,0,249,54],"offset":[-3.5,101],"originalSize":[256,256],"capInsets":[0,0,0,0]}}]