[{"__type__":"cc.SpriteAtlas","_name":"login.plist","_spriteFrames":{"loginTexture_05":{"__uuid__":"8fs/tsBjNIQ6AcgHFfWcAO"},"loginTexture_06":{"__uuid__":"7dTJKkiC5FCYIemYo+Ncr0"},"loginTexture_07":{"__uuid__":"43xJ6bIsRGBorsQ3iHTEGw"},"loginTexture_08":{"__uuid__":"45dxY9mLxHKK7o+Suri9oa"},"loginTexture_09":{"__uuid__":"bcHyws1xpKkKlxXNxW617+"}}},{"__type__":"cc.SpriteFrame","content":{"name":"loginTexture_07","texture":"f9cCF/ucxN56K+OBioAfP4","rect":[152,0,59,177],"offset":[0,0],"originalSize":[59,177],"capInsets":[0,0,0,0]}},{"__type__":"cc.SpriteFrame","content":{"name":"loginTexture_08","texture":"f9cCF/ucxN56K+OBioAfP4","rect":[211,0,55,158],"offset":[0,0],"originalSize":[55,158],"capInsets":[0,0,0,0]}},{"__type__":"cc.SpriteFrame","content":{"name":"loginTexture_06","texture":"f9cCF/ucxN56K+OBioAfP4","rect":[76,0,76,228],"offset":[0,0],"originalSize":[76,228],"capInsets":[0,0,0,0]}},{"__type__":"cc.SpriteFrame","content":{"name":"loginTexture_05","texture":"f9cCF/ucxN56K+OBioAfP4","rect":[0,0,76,228],"offset":[0,0],"originalSize":[76,228],"capInsets":[0,0,0,0]}},{"__type__":"cc.SpriteFrame","content":{"name":"loginTexture_09","texture":"f9cCF/ucxN56K+OBioAfP4","rect":[266,0,50,152],"offset":[0,0],"originalSize":[50,152],"capInsets":[0,0,0,0]}}]